--
-- PostgreSQL database dump
--

\restrict Q5pblixJPvShhS71M9waag3KgrC5iQfDcbdbYSPQe3cTD5QjIQRvRbymLUHi7Gr

-- Dumped from database version 15.14
-- Dumped by pg_dump version 15.14

SET statement_timeout = 0;
SET lock_timeout = 0;
SET idle_in_transaction_session_timeout = 0;
SET client_encoding = 'UTF8';
SET standard_conforming_strings = on;
SELECT pg_catalog.set_config('search_path', '', false);
SET check_function_bodies = false;
SET xmloption = content;
SET client_min_messages = warning;
SET row_security = off;

SET default_tablespace = '';

SET default_table_access_method = heap;

--
-- Name: admin_panel_broadcastmessage; Type: TABLE; Schema: public; Owner: batman
--

CREATE TABLE public.admin_panel_broadcastmessage (
    id bigint NOT NULL,
    title character varying(200) NOT NULL,
    message_text text NOT NULL,
    recipient_type character varying(20) NOT NULL,
    status character varying(20) NOT NULL,
    scheduled_at timestamp with time zone,
    total_recipients integer NOT NULL,
    sent_count integer NOT NULL,
    failed_count integer NOT NULL,
    created_at timestamp with time zone NOT NULL,
    updated_at timestamp with time zone NOT NULL,
    started_at timestamp with time zone,
    completed_at timestamp with time zone,
    include_inactive_days integer,
    error_message text NOT NULL,
    created_by_id integer
);


ALTER TABLE public.admin_panel_broadcastmessage OWNER TO batman;

--
-- Name: admin_panel_broadcastmessage_custom_recipients; Type: TABLE; Schema: public; Owner: batman
--

CREATE TABLE public.admin_panel_broadcastmessage_custom_recipients (
    id bigint NOT NULL,
    broadcastmessage_id bigint NOT NULL,
    profile_id bigint NOT NULL
);


ALTER TABLE public.admin_panel_broadcastmessage_custom_recipients OWNER TO batman;

--
-- Name: admin_panel_broadcastmessage_custom_recipients_id_seq; Type: SEQUENCE; Schema: public; Owner: batman
--

ALTER TABLE public.admin_panel_broadcastmessage_custom_recipients ALTER COLUMN id ADD GENERATED BY DEFAULT AS IDENTITY (
    SEQUENCE NAME public.admin_panel_broadcastmessage_custom_recipients_id_seq
    START WITH 1
    INCREMENT BY 1
    NO MINVALUE
    NO MAXVALUE
    CACHE 1
);


--
-- Name: admin_panel_broadcastmessage_id_seq; Type: SEQUENCE; Schema: public; Owner: batman
--

ALTER TABLE public.admin_panel_broadcastmessage ALTER COLUMN id ADD GENERATED BY DEFAULT AS IDENTITY (
    SEQUENCE NAME public.admin_panel_broadcastmessage_id_seq
    START WITH 1
    INCREMENT BY 1
    NO MINVALUE
    NO MAXVALUE
    CACHE 1
);


--
-- Name: admin_panel_broadcastrecipient; Type: TABLE; Schema: public; Owner: batman
--

CREATE TABLE public.admin_panel_broadcastrecipient (
    id bigint NOT NULL,
    status character varying(20) NOT NULL,
    sent_at timestamp with time zone,
    error_message text NOT NULL,
    broadcast_id bigint NOT NULL,
    profile_id bigint NOT NULL
);


ALTER TABLE public.admin_panel_broadcastrecipient OWNER TO batman;

--
-- Name: admin_panel_broadcastrecipient_id_seq; Type: SEQUENCE; Schema: public; Owner: batman
--

ALTER TABLE public.admin_panel_broadcastrecipient ALTER COLUMN id ADD GENERATED BY DEFAULT AS IDENTITY (
    SEQUENCE NAME public.admin_panel_broadcastrecipient_id_seq
    START WITH 1
    INCREMENT BY 1
    NO MINVALUE
    NO MAXVALUE
    CACHE 1
);


--
-- Name: affiliate_commissions; Type: TABLE; Schema: public; Owner: batman
--

CREATE TABLE public.affiliate_commissions (
    id bigint NOT NULL,
    payment_amount integer NOT NULL,
    commission_amount integer NOT NULL,
    commission_rate integer NOT NULL,
    telegram_transaction_id character varying(255),
    telegram_payment_id character varying(255),
    status character varying(20) NOT NULL,
    created_at timestamp with time zone NOT NULL,
    hold_until timestamp with time zone,
    paid_at timestamp with time zone,
    notes text NOT NULL,
    referral_id bigint NOT NULL,
    referred_id bigint NOT NULL,
    referrer_id bigint NOT NULL,
    subscription_id bigint NOT NULL
);


ALTER TABLE public.affiliate_commissions OWNER TO batman;

--
-- Name: affiliate_commissions_id_seq; Type: SEQUENCE; Schema: public; Owner: batman
--

ALTER TABLE public.affiliate_commissions ALTER COLUMN id ADD GENERATED BY DEFAULT AS IDENTITY (
    SEQUENCE NAME public.affiliate_commissions_id_seq
    START WITH 1
    INCREMENT BY 1
    NO MINVALUE
    NO MAXVALUE
    CACHE 1
);


--
-- Name: affiliate_links; Type: TABLE; Schema: public; Owner: batman
--

CREATE TABLE public.affiliate_links (
    id bigint NOT NULL,
    affiliate_code character varying(100) NOT NULL,
    telegram_link character varying(200) NOT NULL,
    clicks integer NOT NULL,
    conversions integer NOT NULL,
    total_earned integer NOT NULL,
    is_active boolean NOT NULL,
    created_at timestamp with time zone NOT NULL,
    updated_at timestamp with time zone NOT NULL,
    profile_id bigint NOT NULL
);


ALTER TABLE public.affiliate_links OWNER TO batman;

--
-- Name: affiliate_links_id_seq; Type: SEQUENCE; Schema: public; Owner: batman
--

ALTER TABLE public.affiliate_links ALTER COLUMN id ADD GENERATED BY DEFAULT AS IDENTITY (
    SEQUENCE NAME public.affiliate_links_id_seq
    START WITH 1
    INCREMENT BY 1
    NO MINVALUE
    NO MAXVALUE
    CACHE 1
);


--
-- Name: affiliate_program; Type: TABLE; Schema: public; Owner: batman
--

CREATE TABLE public.affiliate_program (
    id bigint NOT NULL,
    commission_permille integer NOT NULL,
    duration_months integer,
    start_date timestamp with time zone NOT NULL,
    end_date timestamp with time zone,
    is_active boolean NOT NULL,
    telegram_program_id character varying(255),
    created_at timestamp with time zone NOT NULL,
    updated_at timestamp with time zone NOT NULL
);


ALTER TABLE public.affiliate_program OWNER TO batman;

--
-- Name: affiliate_program_id_seq; Type: SEQUENCE; Schema: public; Owner: batman
--

ALTER TABLE public.affiliate_program ALTER COLUMN id ADD GENERATED BY DEFAULT AS IDENTITY (
    SEQUENCE NAME public.affiliate_program_id_seq
    START WITH 1
    INCREMENT BY 1
    NO MINVALUE
    NO MAXVALUE
    CACHE 1
);


--
-- Name: affiliate_referrals; Type: TABLE; Schema: public; Owner: batman
--

CREATE TABLE public.affiliate_referrals (
    id bigint NOT NULL,
    joined_at timestamp with time zone NOT NULL,
    first_payment_at timestamp with time zone,
    total_payments integer NOT NULL,
    total_spent integer NOT NULL,
    affiliate_link_id bigint NOT NULL,
    referred_id bigint NOT NULL,
    referrer_id bigint NOT NULL,
    reward_granted boolean NOT NULL,
    reward_granted_at timestamp with time zone,
    reward_months integer NOT NULL,
    reward_subscription_id bigint
);


ALTER TABLE public.affiliate_referrals OWNER TO batman;

--
-- Name: affiliate_referrals_id_seq; Type: SEQUENCE; Schema: public; Owner: batman
--

ALTER TABLE public.affiliate_referrals ALTER COLUMN id ADD GENERATED BY DEFAULT AS IDENTITY (
    SEQUENCE NAME public.affiliate_referrals_id_seq
    START WITH 1
    INCREMENT BY 1
    NO MINVALUE
    NO MAXVALUE
    CACHE 1
);


--
-- Name: ai_service_metrics; Type: TABLE; Schema: public; Owner: batman
--

CREATE TABLE public.ai_service_metrics (
    id bigint NOT NULL,
    service character varying(50) NOT NULL,
    "timestamp" timestamp with time zone NOT NULL,
    response_time double precision NOT NULL,
    tokens_used integer,
    characters_processed integer,
    success boolean NOT NULL,
    error_type character varying(100),
    error_message text,
    user_id bigint,
    operation_type character varying(50) NOT NULL,
    model_used character varying(100),
    estimated_cost numeric(10,6)
);


ALTER TABLE public.ai_service_metrics OWNER TO batman;

--
-- Name: ai_service_metrics_id_seq; Type: SEQUENCE; Schema: public; Owner: batman
--

ALTER TABLE public.ai_service_metrics ALTER COLUMN id ADD GENERATED BY DEFAULT AS IDENTITY (
    SEQUENCE NAME public.ai_service_metrics_id_seq
    START WITH 1
    INCREMENT BY 1
    NO MINVALUE
    NO MAXVALUE
    CACHE 1
);


--
-- Name: auth_group; Type: TABLE; Schema: public; Owner: batman
--

CREATE TABLE public.auth_group (
    id integer NOT NULL,
    name character varying(150) NOT NULL
);


ALTER TABLE public.auth_group OWNER TO batman;

--
-- Name: auth_group_id_seq; Type: SEQUENCE; Schema: public; Owner: batman
--

ALTER TABLE public.auth_group ALTER COLUMN id ADD GENERATED BY DEFAULT AS IDENTITY (
    SEQUENCE NAME public.auth_group_id_seq
    START WITH 1
    INCREMENT BY 1
    NO MINVALUE
    NO MAXVALUE
    CACHE 1
);


--
-- Name: auth_group_permissions; Type: TABLE; Schema: public; Owner: batman
--

CREATE TABLE public.auth_group_permissions (
    id bigint NOT NULL,
    group_id integer NOT NULL,
    permission_id integer NOT NULL
);


ALTER TABLE public.auth_group_permissions OWNER TO batman;

--
-- Name: auth_group_permissions_id_seq; Type: SEQUENCE; Schema: public; Owner: batman
--

ALTER TABLE public.auth_group_permissions ALTER COLUMN id ADD GENERATED BY DEFAULT AS IDENTITY (
    SEQUENCE NAME public.auth_group_permissions_id_seq
    START WITH 1
    INCREMENT BY 1
    NO MINVALUE
    NO MAXVALUE
    CACHE 1
);


--
-- Name: auth_permission; Type: TABLE; Schema: public; Owner: batman
--

CREATE TABLE public.auth_permission (
    id integer NOT NULL,
    name character varying(255) NOT NULL,
    content_type_id integer NOT NULL,
    codename character varying(100) NOT NULL
);


ALTER TABLE public.auth_permission OWNER TO batman;

--
-- Name: auth_permission_id_seq; Type: SEQUENCE; Schema: public; Owner: batman
--

ALTER TABLE public.auth_permission ALTER COLUMN id ADD GENERATED BY DEFAULT AS IDENTITY (
    SEQUENCE NAME public.auth_permission_id_seq
    START WITH 1
    INCREMENT BY 1
    NO MINVALUE
    NO MAXVALUE
    CACHE 1
);


--
-- Name: auth_user; Type: TABLE; Schema: public; Owner: batman
--

CREATE TABLE public.auth_user (
    id integer NOT NULL,
    password character varying(128) NOT NULL,
    last_login timestamp with time zone,
    is_superuser boolean NOT NULL,
    username character varying(150) NOT NULL,
    first_name character varying(150) NOT NULL,
    last_name character varying(150) NOT NULL,
    email character varying(254) NOT NULL,
    is_staff boolean NOT NULL,
    is_active boolean NOT NULL,
    date_joined timestamp with time zone NOT NULL
);


ALTER TABLE public.auth_user OWNER TO batman;

--
-- Name: auth_user_groups; Type: TABLE; Schema: public; Owner: batman
--

CREATE TABLE public.auth_user_groups (
    id bigint NOT NULL,
    user_id integer NOT NULL,
    group_id integer NOT NULL
);


ALTER TABLE public.auth_user_groups OWNER TO batman;

--
-- Name: auth_user_groups_id_seq; Type: SEQUENCE; Schema: public; Owner: batman
--

ALTER TABLE public.auth_user_groups ALTER COLUMN id ADD GENERATED BY DEFAULT AS IDENTITY (
    SEQUENCE NAME public.auth_user_groups_id_seq
    START WITH 1
    INCREMENT BY 1
    NO MINVALUE
    NO MAXVALUE
    CACHE 1
);


--
-- Name: auth_user_id_seq; Type: SEQUENCE; Schema: public; Owner: batman
--

ALTER TABLE public.auth_user ALTER COLUMN id ADD GENERATED BY DEFAULT AS IDENTITY (
    SEQUENCE NAME public.auth_user_id_seq
    START WITH 1
    INCREMENT BY 1
    NO MINVALUE
    NO MAXVALUE
    CACHE 1
);


--
-- Name: auth_user_user_permissions; Type: TABLE; Schema: public; Owner: batman
--

CREATE TABLE public.auth_user_user_permissions (
    id bigint NOT NULL,
    user_id integer NOT NULL,
    permission_id integer NOT NULL
);


ALTER TABLE public.auth_user_user_permissions OWNER TO batman;

--
-- Name: auth_user_user_permissions_id_seq; Type: SEQUENCE; Schema: public; Owner: batman
--

ALTER TABLE public.auth_user_user_permissions ALTER COLUMN id ADD GENERATED BY DEFAULT AS IDENTITY (
    SEQUENCE NAME public.auth_user_user_permissions_id_seq
    START WITH 1
    INCREMENT BY 1
    NO MINVALUE
    NO MAXVALUE
    CACHE 1
);


--
-- Name: django_admin_log; Type: TABLE; Schema: public; Owner: batman
--

CREATE TABLE public.django_admin_log (
    id integer NOT NULL,
    action_time timestamp with time zone NOT NULL,
    object_id text,
    object_repr character varying(200) NOT NULL,
    action_flag smallint NOT NULL,
    change_message text NOT NULL,
    content_type_id integer,
    user_id integer NOT NULL,
    CONSTRAINT django_admin_log_action_flag_check CHECK ((action_flag >= 0))
);


ALTER TABLE public.django_admin_log OWNER TO batman;

--
-- Name: django_admin_log_id_seq; Type: SEQUENCE; Schema: public; Owner: batman
--

ALTER TABLE public.django_admin_log ALTER COLUMN id ADD GENERATED BY DEFAULT AS IDENTITY (
    SEQUENCE NAME public.django_admin_log_id_seq
    START WITH 1
    INCREMENT BY 1
    NO MINVALUE
    NO MAXVALUE
    CACHE 1
);


--
-- Name: django_celery_beat_clockedschedule; Type: TABLE; Schema: public; Owner: batman
--

CREATE TABLE public.django_celery_beat_clockedschedule (
    id integer NOT NULL,
    clocked_time timestamp with time zone NOT NULL
);


ALTER TABLE public.django_celery_beat_clockedschedule OWNER TO batman;

--
-- Name: django_celery_beat_clockedschedule_id_seq; Type: SEQUENCE; Schema: public; Owner: batman
--

ALTER TABLE public.django_celery_beat_clockedschedule ALTER COLUMN id ADD GENERATED BY DEFAULT AS IDENTITY (
    SEQUENCE NAME public.django_celery_beat_clockedschedule_id_seq
    START WITH 1
    INCREMENT BY 1
    NO MINVALUE
    NO MAXVALUE
    CACHE 1
);


--
-- Name: django_celery_beat_crontabschedule; Type: TABLE; Schema: public; Owner: batman
--

CREATE TABLE public.django_celery_beat_crontabschedule (
    id integer NOT NULL,
    minute character varying(240) NOT NULL,
    hour character varying(96) NOT NULL,
    day_of_week character varying(64) NOT NULL,
    day_of_month character varying(124) NOT NULL,
    month_of_year character varying(64) NOT NULL,
    timezone character varying(63) NOT NULL
);


ALTER TABLE public.django_celery_beat_crontabschedule OWNER TO batman;

--
-- Name: django_celery_beat_crontabschedule_id_seq; Type: SEQUENCE; Schema: public; Owner: batman
--

ALTER TABLE public.django_celery_beat_crontabschedule ALTER COLUMN id ADD GENERATED BY DEFAULT AS IDENTITY (
    SEQUENCE NAME public.django_celery_beat_crontabschedule_id_seq
    START WITH 1
    INCREMENT BY 1
    NO MINVALUE
    NO MAXVALUE
    CACHE 1
);


--
-- Name: django_celery_beat_intervalschedule; Type: TABLE; Schema: public; Owner: batman
--

CREATE TABLE public.django_celery_beat_intervalschedule (
    id integer NOT NULL,
    every integer NOT NULL,
    period character varying(24) NOT NULL
);


ALTER TABLE public.django_celery_beat_intervalschedule OWNER TO batman;

--
-- Name: django_celery_beat_intervalschedule_id_seq; Type: SEQUENCE; Schema: public; Owner: batman
--

ALTER TABLE public.django_celery_beat_intervalschedule ALTER COLUMN id ADD GENERATED BY DEFAULT AS IDENTITY (
    SEQUENCE NAME public.django_celery_beat_intervalschedule_id_seq
    START WITH 1
    INCREMENT BY 1
    NO MINVALUE
    NO MAXVALUE
    CACHE 1
);


--
-- Name: django_celery_beat_periodictask; Type: TABLE; Schema: public; Owner: batman
--

CREATE TABLE public.django_celery_beat_periodictask (
    id integer NOT NULL,
    name character varying(200) NOT NULL,
    task character varying(200) NOT NULL,
    args text NOT NULL,
    kwargs text NOT NULL,
    queue character varying(200),
    exchange character varying(200),
    routing_key character varying(200),
    expires timestamp with time zone,
    enabled boolean NOT NULL,
    last_run_at timestamp with time zone,
    total_run_count integer NOT NULL,
    date_changed timestamp with time zone NOT NULL,
    description text NOT NULL,
    crontab_id integer,
    interval_id integer,
    solar_id integer,
    one_off boolean NOT NULL,
    start_time timestamp with time zone,
    priority integer,
    headers text NOT NULL,
    clocked_id integer,
    expire_seconds integer,
    CONSTRAINT django_celery_beat_periodictask_expire_seconds_check CHECK ((expire_seconds >= 0)),
    CONSTRAINT django_celery_beat_periodictask_priority_check CHECK ((priority >= 0)),
    CONSTRAINT django_celery_beat_periodictask_total_run_count_check CHECK ((total_run_count >= 0))
);


ALTER TABLE public.django_celery_beat_periodictask OWNER TO batman;

--
-- Name: django_celery_beat_periodictask_id_seq; Type: SEQUENCE; Schema: public; Owner: batman
--

ALTER TABLE public.django_celery_beat_periodictask ALTER COLUMN id ADD GENERATED BY DEFAULT AS IDENTITY (
    SEQUENCE NAME public.django_celery_beat_periodictask_id_seq
    START WITH 1
    INCREMENT BY 1
    NO MINVALUE
    NO MAXVALUE
    CACHE 1
);


--
-- Name: django_celery_beat_periodictasks; Type: TABLE; Schema: public; Owner: batman
--

CREATE TABLE public.django_celery_beat_periodictasks (
    ident smallint NOT NULL,
    last_update timestamp with time zone NOT NULL
);


ALTER TABLE public.django_celery_beat_periodictasks OWNER TO batman;

--
-- Name: django_celery_beat_solarschedule; Type: TABLE; Schema: public; Owner: batman
--

CREATE TABLE public.django_celery_beat_solarschedule (
    id integer NOT NULL,
    event character varying(24) NOT NULL,
    latitude numeric(9,6) NOT NULL,
    longitude numeric(9,6) NOT NULL
);


ALTER TABLE public.django_celery_beat_solarschedule OWNER TO batman;

--
-- Name: django_celery_beat_solarschedule_id_seq; Type: SEQUENCE; Schema: public; Owner: batman
--

ALTER TABLE public.django_celery_beat_solarschedule ALTER COLUMN id ADD GENERATED BY DEFAULT AS IDENTITY (
    SEQUENCE NAME public.django_celery_beat_solarschedule_id_seq
    START WITH 1
    INCREMENT BY 1
    NO MINVALUE
    NO MAXVALUE
    CACHE 1
);


--
-- Name: django_content_type; Type: TABLE; Schema: public; Owner: batman
--

CREATE TABLE public.django_content_type (
    id integer NOT NULL,
    app_label character varying(100) NOT NULL,
    model character varying(100) NOT NULL
);


ALTER TABLE public.django_content_type OWNER TO batman;

--
-- Name: django_content_type_id_seq; Type: SEQUENCE; Schema: public; Owner: batman
--

ALTER TABLE public.django_content_type ALTER COLUMN id ADD GENERATED BY DEFAULT AS IDENTITY (
    SEQUENCE NAME public.django_content_type_id_seq
    START WITH 1
    INCREMENT BY 1
    NO MINVALUE
    NO MAXVALUE
    CACHE 1
);


--
-- Name: django_migrations; Type: TABLE; Schema: public; Owner: batman
--

CREATE TABLE public.django_migrations (
    id bigint NOT NULL,
    app character varying(255) NOT NULL,
    name character varying(255) NOT NULL,
    applied timestamp with time zone NOT NULL
);


ALTER TABLE public.django_migrations OWNER TO batman;

--
-- Name: django_migrations_id_seq; Type: SEQUENCE; Schema: public; Owner: batman
--

ALTER TABLE public.django_migrations ALTER COLUMN id ADD GENERATED BY DEFAULT AS IDENTITY (
    SEQUENCE NAME public.django_migrations_id_seq
    START WITH 1
    INCREMENT BY 1
    NO MINVALUE
    NO MAXVALUE
    CACHE 1
);


--
-- Name: django_session; Type: TABLE; Schema: public; Owner: batman
--

CREATE TABLE public.django_session (
    session_key character varying(40) NOT NULL,
    session_data text NOT NULL,
    expire_date timestamp with time zone NOT NULL
);


ALTER TABLE public.django_session OWNER TO batman;

--
-- Name: expenses_advertisercampaign; Type: TABLE; Schema: public; Owner: expense_user
--

CREATE TABLE public.expenses_advertisercampaign (
    id bigint NOT NULL,
    name character varying(100) NOT NULL,
    campaign character varying(100) NOT NULL,
    utm_code character varying(200) NOT NULL,
    source_type character varying(20) NOT NULL,
    is_active boolean NOT NULL,
    status character varying(20) NOT NULL,
    budget numeric(12,2),
    target_users integer,
    target_conversion numeric(5,2),
    description text NOT NULL,
    contact_info character varying(255) NOT NULL,
    created_at timestamp with time zone NOT NULL,
    updated_at timestamp with time zone NOT NULL,
    start_date date,
    end_date date,
    created_by_id integer
);


ALTER TABLE public.expenses_advertisercampaign OWNER TO expense_user;

--
-- Name: expenses_advertisercampaign_id_seq; Type: SEQUENCE; Schema: public; Owner: expense_user
--

ALTER TABLE public.expenses_advertisercampaign ALTER COLUMN id ADD GENERATED BY DEFAULT AS IDENTITY (
    SEQUENCE NAME public.expenses_advertisercampaign_id_seq
    START WITH 1
    INCREMENT BY 1
    NO MINVALUE
    NO MAXVALUE
    CACHE 1
);


--
-- Name: expenses_budget; Type: TABLE; Schema: public; Owner: batman
--

CREATE TABLE public.expenses_budget (
    id bigint NOT NULL,
    amount numeric(12,2) NOT NULL,
    period_type character varying(20) NOT NULL,
    start_date date NOT NULL,
    end_date date,
    is_active boolean NOT NULL,
    created_at timestamp with time zone NOT NULL,
    updated_at timestamp with time zone NOT NULL,
    category_id bigint,
    profile_id bigint NOT NULL
);


ALTER TABLE public.expenses_budget OWNER TO batman;

--
-- Name: expenses_budget_id_seq; Type: SEQUENCE; Schema: public; Owner: batman
--

ALTER TABLE public.expenses_budget ALTER COLUMN id ADD GENERATED BY DEFAULT AS IDENTITY (
    SEQUENCE NAME public.expenses_budget_id_seq
    START WITH 1
    INCREMENT BY 1
    NO MINVALUE
    NO MAXVALUE
    CACHE 1
);


--
-- Name: expenses_cashback; Type: TABLE; Schema: public; Owner: batman
--

CREATE TABLE public.expenses_cashback (
    id bigint NOT NULL,
    bank_name character varying(100) NOT NULL,
    cashback_percent numeric(4,2) NOT NULL,
    month integer NOT NULL,
    limit_amount numeric(12,2),
    created_at timestamp with time zone NOT NULL,
    updated_at timestamp with time zone NOT NULL,
    category_id bigint,
    profile_id bigint NOT NULL,
    description character varying(200) NOT NULL
);


ALTER TABLE public.expenses_cashback OWNER TO batman;

--
-- Name: expenses_cashback_id_seq; Type: SEQUENCE; Schema: public; Owner: batman
--

ALTER TABLE public.expenses_cashback ALTER COLUMN id ADD GENERATED BY DEFAULT AS IDENTITY (
    SEQUENCE NAME public.expenses_cashback_id_seq
    START WITH 1
    INCREMENT BY 1
    NO MINVALUE
    NO MAXVALUE
    CACHE 1
);


--
-- Name: expenses_category; Type: TABLE; Schema: public; Owner: batman
--

CREATE TABLE public.expenses_category (
    id bigint NOT NULL,
    name character varying(100) NOT NULL,
    icon character varying(10) NOT NULL,
    is_active boolean NOT NULL,
    created_at timestamp with time zone NOT NULL,
    updated_at timestamp with time zone NOT NULL,
    profile_id bigint NOT NULL,
    name_ru character varying(100),
    name_en character varying(100),
    original_language character varying(10) NOT NULL,
    is_translatable boolean NOT NULL
);


ALTER TABLE public.expenses_category OWNER TO batman;

--
-- Name: expenses_category_id_seq; Type: SEQUENCE; Schema: public; Owner: batman
--

ALTER TABLE public.expenses_category ALTER COLUMN id ADD GENERATED BY DEFAULT AS IDENTITY (
    SEQUENCE NAME public.expenses_category_id_seq
    START WITH 1
    INCREMENT BY 1
    NO MINVALUE
    NO MAXVALUE
    CACHE 1
);


--
-- Name: expenses_category_keyword; Type: TABLE; Schema: public; Owner: batman
--

CREATE TABLE public.expenses_category_keyword (
    id bigint NOT NULL,
    keyword character varying(100) NOT NULL,
    created_at timestamp with time zone NOT NULL,
    category_id bigint NOT NULL,
    normalized_weight double precision NOT NULL,
    usage_count integer NOT NULL,
    language character varying(10) NOT NULL
);


ALTER TABLE public.expenses_category_keyword OWNER TO batman;

--
-- Name: expenses_category_keyword_id_seq; Type: SEQUENCE; Schema: public; Owner: batman
--

ALTER TABLE public.expenses_category_keyword ALTER COLUMN id ADD GENERATED BY DEFAULT AS IDENTITY (
    SEQUENCE NAME public.expenses_category_keyword_id_seq
    START WITH 1
    INCREMENT BY 1
    NO MINVALUE
    NO MAXVALUE
    CACHE 1
);


--
-- Name: expenses_expense; Type: TABLE; Schema: public; Owner: batman
--

CREATE TABLE public.expenses_expense (
    id bigint NOT NULL,
    amount numeric(12,2) NOT NULL,
    description text NOT NULL,
    expense_date date NOT NULL,
    expense_time time without time zone NOT NULL,
    receipt_photo character varying(255) NOT NULL,
    ai_categorized boolean NOT NULL,
    ai_confidence numeric(3,2),
    created_at timestamp with time zone NOT NULL,
    updated_at timestamp with time zone NOT NULL,
    category_id bigint,
    profile_id bigint NOT NULL,
    currency character varying(3) NOT NULL,
    cashback_excluded boolean NOT NULL,
    cashback_amount numeric(12,2) NOT NULL
);


ALTER TABLE public.expenses_expense OWNER TO batman;

--
-- Name: expenses_expense_id_seq; Type: SEQUENCE; Schema: public; Owner: batman
--

ALTER TABLE public.expenses_expense ALTER COLUMN id ADD GENERATED BY DEFAULT AS IDENTITY (
    SEQUENCE NAME public.expenses_expense_id_seq
    START WITH 1
    INCREMENT BY 1
    NO MINVALUE
    NO MAXVALUE
    CACHE 1
);


--
-- Name: expenses_income_category_keyword; Type: TABLE; Schema: public; Owner: batman
--

CREATE TABLE public.expenses_income_category_keyword (
    id bigint NOT NULL,
    keyword character varying(100) NOT NULL,
    usage_count integer NOT NULL,
    normalized_weight double precision NOT NULL,
    created_at timestamp with time zone NOT NULL,
    category_id bigint NOT NULL
);


ALTER TABLE public.expenses_income_category_keyword OWNER TO batman;

--
-- Name: expenses_income_category_keyword_id_seq; Type: SEQUENCE; Schema: public; Owner: batman
--

ALTER TABLE public.expenses_income_category_keyword ALTER COLUMN id ADD GENERATED BY DEFAULT AS IDENTITY (
    SEQUENCE NAME public.expenses_income_category_keyword_id_seq
    START WITH 1
    INCREMENT BY 1
    NO MINVALUE
    NO MAXVALUE
    CACHE 1
);


--
-- Name: expenses_recurring_payment; Type: TABLE; Schema: public; Owner: batman
--

CREATE TABLE public.expenses_recurring_payment (
    id bigint NOT NULL,
    amount numeric(12,2) NOT NULL,
    currency character varying(3) NOT NULL,
    description character varying(200) NOT NULL,
    day_of_month integer NOT NULL,
    is_active boolean NOT NULL,
    last_processed date,
    created_at timestamp with time zone NOT NULL,
    updated_at timestamp with time zone NOT NULL,
    profile_id bigint NOT NULL,
    expense_category_id bigint,
    income_category_id bigint,
    operation_type character varying(10) NOT NULL,
    CONSTRAINT category_type_consistency CHECK ((((expense_category_id IS NOT NULL) AND ((operation_type)::text = 'expense'::text)) OR ((income_category_id IS NOT NULL) AND ((operation_type)::text = 'income'::text))))
);


ALTER TABLE public.expenses_recurring_payment OWNER TO batman;

--
-- Name: expenses_recurring_payment_id_seq; Type: SEQUENCE; Schema: public; Owner: batman
--

ALTER TABLE public.expenses_recurring_payment ALTER COLUMN id ADD GENERATED BY DEFAULT AS IDENTITY (
    SEQUENCE NAME public.expenses_recurring_payment_id_seq
    START WITH 1
    INCREMENT BY 1
    NO MINVALUE
    NO MAXVALUE
    CACHE 1
);


--
-- Name: family_invites; Type: TABLE; Schema: public; Owner: batman
--

CREATE TABLE public.family_invites (
    id bigint NOT NULL,
    token character varying(64) NOT NULL,
    created_at timestamp with time zone NOT NULL,
    expires_at timestamp with time zone,
    is_active boolean NOT NULL,
    household_id bigint NOT NULL,
    inviter_id bigint NOT NULL,
    used_at timestamp with time zone,
    used_by_id bigint
);


ALTER TABLE public.family_invites OWNER TO batman;

--
-- Name: family_invites_id_seq; Type: SEQUENCE; Schema: public; Owner: batman
--

ALTER TABLE public.family_invites ALTER COLUMN id ADD GENERATED BY DEFAULT AS IDENTITY (
    SEQUENCE NAME public.family_invites_id_seq
    START WITH 1
    INCREMENT BY 1
    NO MINVALUE
    NO MAXVALUE
    CACHE 1
);


--
-- Name: households; Type: TABLE; Schema: public; Owner: batman
--

CREATE TABLE public.households (
    id bigint NOT NULL,
    created_at timestamp with time zone NOT NULL,
    name character varying(100),
    creator_id bigint,
    is_active boolean NOT NULL,
    max_members integer NOT NULL
);


ALTER TABLE public.households OWNER TO batman;

--
-- Name: households_id_seq; Type: SEQUENCE; Schema: public; Owner: batman
--

ALTER TABLE public.households ALTER COLUMN id ADD GENERATED BY DEFAULT AS IDENTITY (
    SEQUENCE NAME public.households_id_seq
    START WITH 1
    INCREMENT BY 1
    NO MINVALUE
    NO MAXVALUE
    CACHE 1
);


--
-- Name: incomes_category; Type: TABLE; Schema: public; Owner: batman
--

CREATE TABLE public.incomes_category (
    id bigint NOT NULL,
    name character varying(100) NOT NULL,
    icon character varying(10) NOT NULL,
    is_active boolean NOT NULL,
    is_default boolean NOT NULL,
    created_at timestamp with time zone NOT NULL,
    updated_at timestamp with time zone NOT NULL,
    profile_id bigint NOT NULL,
    name_ru character varying(100),
    name_en character varying(100),
    original_language character varying(10) NOT NULL,
    is_translatable boolean NOT NULL
);


ALTER TABLE public.incomes_category OWNER TO batman;

--
-- Name: incomes_category_id_seq; Type: SEQUENCE; Schema: public; Owner: batman
--

ALTER TABLE public.incomes_category ALTER COLUMN id ADD GENERATED BY DEFAULT AS IDENTITY (
    SEQUENCE NAME public.incomes_category_id_seq
    START WITH 1
    INCREMENT BY 1
    NO MINVALUE
    NO MAXVALUE
    CACHE 1
);


--
-- Name: incomes_income; Type: TABLE; Schema: public; Owner: batman
--

CREATE TABLE public.incomes_income (
    id bigint NOT NULL,
    amount numeric(12,2) NOT NULL,
    currency character varying(3) NOT NULL,
    description text NOT NULL,
    income_date date NOT NULL,
    income_time time without time zone NOT NULL,
    income_type character varying(20) NOT NULL,
    is_recurring boolean NOT NULL,
    recurrence_day integer,
    ai_categorized boolean NOT NULL,
    ai_confidence numeric(3,2),
    created_at timestamp with time zone NOT NULL,
    updated_at timestamp with time zone NOT NULL,
    category_id bigint,
    profile_id bigint NOT NULL
);


ALTER TABLE public.incomes_income OWNER TO batman;

--
-- Name: incomes_income_id_seq; Type: SEQUENCE; Schema: public; Owner: batman
--

ALTER TABLE public.incomes_income ALTER COLUMN id ADD GENERATED BY DEFAULT AS IDENTITY (
    SEQUENCE NAME public.incomes_income_id_seq
    START WITH 1
    INCREMENT BY 1
    NO MINVALUE
    NO MAXVALUE
    CACHE 1
);


--
-- Name: promocode_usages; Type: TABLE; Schema: public; Owner: batman
--

CREATE TABLE public.promocode_usages (
    id bigint NOT NULL,
    used_at timestamp with time zone NOT NULL,
    profile_id bigint NOT NULL,
    promocode_id bigint NOT NULL,
    subscription_id bigint
);


ALTER TABLE public.promocode_usages OWNER TO batman;

--
-- Name: promocode_usages_id_seq; Type: SEQUENCE; Schema: public; Owner: batman
--

ALTER TABLE public.promocode_usages ALTER COLUMN id ADD GENERATED BY DEFAULT AS IDENTITY (
    SEQUENCE NAME public.promocode_usages_id_seq
    START WITH 1
    INCREMENT BY 1
    NO MINVALUE
    NO MAXVALUE
    CACHE 1
);


--
-- Name: promocodes; Type: TABLE; Schema: public; Owner: batman
--

CREATE TABLE public.promocodes (
    id bigint NOT NULL,
    code character varying(50) NOT NULL,
    description text NOT NULL,
    discount_type character varying(10) NOT NULL,
    discount_value numeric(5,2) NOT NULL,
    max_uses integer NOT NULL,
    used_count integer NOT NULL,
    valid_from timestamp with time zone NOT NULL,
    valid_until timestamp with time zone,
    is_active boolean NOT NULL,
    created_at timestamp with time zone NOT NULL,
    updated_at timestamp with time zone NOT NULL,
    created_by_id bigint,
    applicable_subscription_types character varying(20) NOT NULL
);


ALTER TABLE public.promocodes OWNER TO batman;

--
-- Name: promocodes_id_seq; Type: SEQUENCE; Schema: public; Owner: batman
--

ALTER TABLE public.promocodes ALTER COLUMN id ADD GENERATED BY DEFAULT AS IDENTITY (
    SEQUENCE NAME public.promocodes_id_seq
    START WITH 1
    INCREMENT BY 1
    NO MINVALUE
    NO MAXVALUE
    CACHE 1
);


--
-- Name: subscription_notifications; Type: TABLE; Schema: public; Owner: batman
--

CREATE TABLE public.subscription_notifications (
    id bigint NOT NULL,
    notification_type character varying(20) NOT NULL,
    sent_at timestamp with time zone NOT NULL,
    subscription_id bigint NOT NULL
);


ALTER TABLE public.subscription_notifications OWNER TO batman;

--
-- Name: subscription_notifications_id_seq; Type: SEQUENCE; Schema: public; Owner: batman
--

ALTER TABLE public.subscription_notifications ALTER COLUMN id ADD GENERATED BY DEFAULT AS IDENTITY (
    SEQUENCE NAME public.subscription_notifications_id_seq
    START WITH 1
    INCREMENT BY 1
    NO MINVALUE
    NO MAXVALUE
    CACHE 1
);


--
-- Name: subscriptions; Type: TABLE; Schema: public; Owner: batman
--

CREATE TABLE public.subscriptions (
    id bigint NOT NULL,
    type character varying(20) NOT NULL,
    payment_method character varying(20) NOT NULL,
    amount integer NOT NULL,
    telegram_payment_charge_id character varying(255),
    start_date timestamp with time zone NOT NULL,
    end_date timestamp with time zone NOT NULL,
    is_active boolean NOT NULL,
    created_at timestamp with time zone NOT NULL,
    updated_at timestamp with time zone NOT NULL,
    profile_id bigint NOT NULL,
    notification_sent boolean NOT NULL
);


ALTER TABLE public.subscriptions OWNER TO batman;

--
-- Name: subscriptions_id_seq; Type: SEQUENCE; Schema: public; Owner: batman
--

ALTER TABLE public.subscriptions ALTER COLUMN id ADD GENERATED BY DEFAULT AS IDENTITY (
    SEQUENCE NAME public.subscriptions_id_seq
    START WITH 1
    INCREMENT BY 1
    NO MINVALUE
    NO MAXVALUE
    CACHE 1
);


--
-- Name: system_health_checks; Type: TABLE; Schema: public; Owner: batman
--

CREATE TABLE public.system_health_checks (
    id bigint NOT NULL,
    "timestamp" timestamp with time zone NOT NULL,
    database_status boolean NOT NULL,
    database_response_time double precision,
    redis_status boolean NOT NULL,
    redis_response_time double precision,
    redis_memory_usage bigint,
    telegram_api_status boolean NOT NULL,
    telegram_api_response_time double precision,
    openai_api_status boolean NOT NULL,
    openai_api_response_time double precision,
    google_ai_api_status boolean NOT NULL,
    google_ai_api_response_time double precision,
    celery_status boolean NOT NULL,
    celery_workers_count integer,
    celery_queue_size integer,
    disk_free_gb double precision,
    memory_usage_percent double precision,
    cpu_usage_percent double precision,
    overall_status character varying(20) NOT NULL,
    issues jsonb NOT NULL
);


ALTER TABLE public.system_health_checks OWNER TO batman;

--
-- Name: system_health_checks_id_seq; Type: SEQUENCE; Schema: public; Owner: batman
--

ALTER TABLE public.system_health_checks ALTER COLUMN id ADD GENERATED BY DEFAULT AS IDENTITY (
    SEQUENCE NAME public.system_health_checks_id_seq
    START WITH 1
    INCREMENT BY 1
    NO MINVALUE
    NO MAXVALUE
    CACHE 1
);


--
-- Name: top5_pins; Type: TABLE; Schema: public; Owner: batman
--

CREATE TABLE public.top5_pins (
    id bigint NOT NULL,
    chat_id bigint NOT NULL,
    message_id bigint NOT NULL,
    updated_at timestamp with time zone NOT NULL,
    profile_id bigint NOT NULL
);


ALTER TABLE public.top5_pins OWNER TO batman;

--
-- Name: top5_pins_id_seq; Type: SEQUENCE; Schema: public; Owner: batman
--

ALTER TABLE public.top5_pins ALTER COLUMN id ADD GENERATED BY DEFAULT AS IDENTITY (
    SEQUENCE NAME public.top5_pins_id_seq
    START WITH 1
    INCREMENT BY 1
    NO MINVALUE
    NO MAXVALUE
    CACHE 1
);


--
-- Name: top5_snapshots; Type: TABLE; Schema: public; Owner: batman
--

CREATE TABLE public.top5_snapshots (
    id bigint NOT NULL,
    window_start date NOT NULL,
    window_end date NOT NULL,
    items jsonb NOT NULL,
    hash character varying(64) NOT NULL,
    updated_at timestamp with time zone NOT NULL,
    profile_id bigint NOT NULL
);


ALTER TABLE public.top5_snapshots OWNER TO batman;

--
-- Name: top5_snapshots_id_seq; Type: SEQUENCE; Schema: public; Owner: batman
--

ALTER TABLE public.top5_snapshots ALTER COLUMN id ADD GENERATED BY DEFAULT AS IDENTITY (
    SEQUENCE NAME public.top5_snapshots_id_seq
    START WITH 1
    INCREMENT BY 1
    NO MINVALUE
    NO MAXVALUE
    CACHE 1
);


--
-- Name: user_analytics; Type: TABLE; Schema: public; Owner: batman
--

CREATE TABLE public.user_analytics (
    id bigint NOT NULL,
    date date NOT NULL,
    messages_sent integer NOT NULL,
    voice_messages integer NOT NULL,
    photos_sent integer NOT NULL,
    commands_used jsonb NOT NULL,
    expenses_added integer NOT NULL,
    incomes_added integer NOT NULL,
    categories_used jsonb NOT NULL,
    ai_categorizations integer NOT NULL,
    manual_categorizations integer NOT NULL,
    cashback_calculated numeric(10,2) NOT NULL,
    cashback_transactions integer NOT NULL,
    errors_encountered integer NOT NULL,
    error_types jsonb NOT NULL,
    total_session_time integer NOT NULL,
    peak_hour integer,
    pdf_reports_generated integer NOT NULL,
    recurring_payments_processed integer NOT NULL,
    budget_checks integer NOT NULL,
    created_at timestamp with time zone NOT NULL,
    updated_at timestamp with time zone NOT NULL,
    profile_id bigint NOT NULL
);


ALTER TABLE public.user_analytics OWNER TO batman;

--
-- Name: user_analytics_id_seq; Type: SEQUENCE; Schema: public; Owner: batman
--

ALTER TABLE public.user_analytics ALTER COLUMN id ADD GENERATED BY DEFAULT AS IDENTITY (
    SEQUENCE NAME public.user_analytics_id_seq
    START WITH 1
    INCREMENT BY 1
    NO MINVALUE
    NO MAXVALUE
    CACHE 1
);


--
-- Name: users_profile; Type: TABLE; Schema: public; Owner: batman
--

CREATE TABLE public.users_profile (
    id bigint NOT NULL,
    telegram_id bigint NOT NULL,
    language_code character varying(2) NOT NULL,
    timezone character varying(50) NOT NULL,
    currency character varying(3) NOT NULL,
    is_active boolean NOT NULL,
    created_at timestamp with time zone NOT NULL,
    updated_at timestamp with time zone NOT NULL,
    beta_access_key character varying(50),
    is_beta_tester boolean NOT NULL,
    last_activity timestamp with time zone,
    household_id bigint,
    accepted_privacy boolean NOT NULL,
    accepted_offer boolean NOT NULL,
    total_payments_count integer NOT NULL,
    total_stars_paid integer NOT NULL,
    acquisition_campaign character varying(100),
    acquisition_date timestamp with time zone,
    acquisition_details jsonb,
    acquisition_source character varying(50)
);


ALTER TABLE public.users_profile OWNER TO batman;

--
-- Name: users_profile_id_seq; Type: SEQUENCE; Schema: public; Owner: batman
--

ALTER TABLE public.users_profile ALTER COLUMN id ADD GENERATED BY DEFAULT AS IDENTITY (
    SEQUENCE NAME public.users_profile_id_seq
    START WITH 1
    INCREMENT BY 1
    NO MINVALUE
    NO MAXVALUE
    CACHE 1
);


--
-- Name: users_settings; Type: TABLE; Schema: public; Owner: batman
--

CREATE TABLE public.users_settings (
    id bigint NOT NULL,
    budget_alerts_enabled boolean NOT NULL,
    created_at timestamp with time zone NOT NULL,
    updated_at timestamp with time zone NOT NULL,
    profile_id bigint NOT NULL,
    cashback_enabled boolean NOT NULL,
    view_scope character varying(20) NOT NULL
);


ALTER TABLE public.users_settings OWNER TO batman;

--
-- Name: users_settings_id_seq; Type: SEQUENCE; Schema: public; Owner: batman
--

ALTER TABLE public.users_settings ALTER COLUMN id ADD GENERATED BY DEFAULT AS IDENTITY (
    SEQUENCE NAME public.users_settings_id_seq
    START WITH 1
    INCREMENT BY 1
    NO MINVALUE
    NO MAXVALUE
    CACHE 1
);


--
-- Data for Name: admin_panel_broadcastmessage; Type: TABLE DATA; Schema: public; Owner: batman
--

COPY public.admin_panel_broadcastmessage (id, title, message_text, recipient_type, status, scheduled_at, total_recipients, sent_count, failed_count, created_at, updated_at, started_at, completed_at, include_inactive_days, error_message, created_by_id) FROM stdin;
\.


--
-- Data for Name: admin_panel_broadcastmessage_custom_recipients; Type: TABLE DATA; Schema: public; Owner: batman
--

COPY public.admin_panel_broadcastmessage_custom_recipients (id, broadcastmessage_id, profile_id) FROM stdin;
\.


--
-- Data for Name: admin_panel_broadcastrecipient; Type: TABLE DATA; Schema: public; Owner: batman
--

COPY public.admin_panel_broadcastrecipient (id, status, sent_at, error_message, broadcast_id, profile_id) FROM stdin;
\.


--
-- Data for Name: affiliate_commissions; Type: TABLE DATA; Schema: public; Owner: batman
--

COPY public.affiliate_commissions (id, payment_amount, commission_amount, commission_rate, telegram_transaction_id, telegram_payment_id, status, created_at, hold_until, paid_at, notes, referral_id, referred_id, referrer_id, subscription_id) FROM stdin;
\.


--
-- Data for Name: affiliate_links; Type: TABLE DATA; Schema: public; Owner: batman
--

COPY public.affiliate_links (id, affiliate_code, telegram_link, clicks, conversions, total_earned, is_active, created_at, updated_at, profile_id) FROM stdin;
1	lHOTGkfz	https://t.me/showmecoinbot?start=ref_lHOTGkfz	1	0	0	t	2025-09-08 15:26:16.057216+00	2025-09-11 19:27:34.972208+00	12
2	LgtcSILY	https://t.me/showmecoinbot?start=ref_LgtcSILY	1	0	0	t	2025-09-08 19:11:42.050107+00	2025-09-08 19:11:42.050134+00	1
4	olPLKZQ7	https://t.me/showmecoinbot?start=ref_olPLKZQ7	0	0	0	t	2025-09-24 13:45:45.317087+00	2025-09-24 13:45:45.317099+00	134
\.


--
-- Data for Name: affiliate_program; Type: TABLE DATA; Schema: public; Owner: batman
--

COPY public.affiliate_program (id, commission_permille, duration_months, start_date, end_date, is_active, telegram_program_id, created_at, updated_at) FROM stdin;
1	500	\N	2025-09-08 15:26:15.976265+00	\N	t	\N	2025-09-08 15:26:15.976289+00	2025-09-08 15:26:15.976295+00
\.


--
-- Data for Name: affiliate_referrals; Type: TABLE DATA; Schema: public; Owner: batman
--

COPY public.affiliate_referrals (id, joined_at, first_payment_at, total_payments, total_spent, affiliate_link_id, referred_id, referrer_id, reward_granted, reward_granted_at, reward_months, reward_subscription_id) FROM stdin;
\.


--
-- Data for Name: ai_service_metrics; Type: TABLE DATA; Schema: public; Owner: batman
--

COPY public.ai_service_metrics (id, service, "timestamp", response_time, tokens_used, characters_processed, success, error_type, error_message, user_id, operation_type, model_used, estimated_cost) FROM stdin;
1	google	2025-09-08 19:15:40.242126+00	2.880279064178467	\N	11	t	\N	\N	\N	categorize_expense	gemini-2.5-flash	\N
2	google	2025-09-09 07:49:35.264199+00	4.548211574554443	\N	10	t	\N	\N	\N	categorize_expense	gemini-2.5-flash	\N
3	google	2025-09-09 07:50:21.203086+00	3.445359468460083	\N	8	t	\N	\N	\N	categorize_expense	gemini-2.5-flash	\N
4	google	2025-09-09 16:01:08.550968+00	0	\N	\N	f	ValueError	Invalid operation: The `response.text` quick accessor requires the response to contain a valid `Part`, but none were returned. Please check the `candidate.safety_ratings` to determine if the response was blocked.	\N	categorize_expense	\N	\N
5	openai	2025-09-09 16:01:11.322649+00	2.078322649002075	394	8	t	\N	\N	\N	categorize_expense	gpt-4o-mini	\N
6	google	2025-09-09 16:20:36.945505+00	0	\N	\N	f	ValueError	Invalid operation: The `response.text` quick accessor requires the response to contain a valid `Part`, but none were returned. Please check the `candidate.safety_ratings` to determine if the response was blocked.	\N	categorize_expense	\N	\N
7	openai	2025-09-09 16:20:40.274477+00	3.3192899227142334	399	4	t	\N	\N	\N	categorize_expense	gpt-4o-mini	\N
8	google	2025-09-10 05:53:06.658432+00	5.059538841247559	\N	10	t	\N	\N	\N	categorize_expense	gemini-2.5-flash	\N
9	google	2025-09-10 05:53:06.690884+00	0	\N	\N	f	JSONDecodeError	Expecting value: line 1 column 1 (char 0)	\N	categorize_expense	\N	\N
10	openai	2025-09-10 05:53:10.872273+00	3.445371627807617	420	10	t	\N	\N	\N	categorize_expense	gpt-4o-mini	\N
11	google	2025-09-10 13:01:35.668944+00	2.7087044715881348	\N	26	t	\N	\N	\N	categorize_expense	gemini-2.5-flash	\N
12	google	2025-09-11 19:16:10.323195+00	2.7590677738189697	\N	9	t	\N	\N	\N	categorize_expense	gemini-2.5-flash	\N
13	google	2025-09-12 19:15:24.192495+00	5.7013514041900635	\N	13	t	\N	\N	\N	categorize_expense	gemini-2.5-flash	\N
14	google	2025-09-12 19:15:24.20552+00	0	\N	\N	f	JSONDecodeError	Expecting value: line 1 column 1 (char 0)	\N	categorize_expense	\N	\N
15	openai	2025-09-12 19:15:26.816954+00	2.088827610015869	400	13	t	\N	\N	\N	categorize_expense	gpt-4o-mini	\N
16	google	2025-09-15 09:54:49.033837+00	4.686768293380737	\N	30	t	\N	\N	\N	categorize_expense	gemini-2.5-flash	\N
17	google	2025-09-20 16:11:26.761789+00	4.779357433319092	\N	10	t	\N	\N	\N	categorize_expense	gemini-2.5-flash	\N
18	google	2025-09-22 10:22:22.174039+00	1.9318349361419678	\N	9	t	\N	\N	\N	categorize_expense	gemini-2.5-flash	\N
19	google	2025-09-22 10:23:13.636625+00	1.3658263683319092	\N	9	t	\N	\N	\N	categorize_expense	gemini-2.5-flash	\N
20	google	2025-09-23 16:46:19.83344+00	3.704516887664795	\N	9	t	\N	\N	\N	categorize_expense	gemini-2.5-flash	\N
21	google	2025-09-23 18:47:00.698134+00	3.6272971630096436	\N	14	t	\N	\N	\N	categorize_expense	gemini-2.5-flash	\N
22	google	2025-09-23 18:47:16.479401+00	3.7864830493927	\N	13	t	\N	\N	\N	categorize_expense	gemini-2.5-flash	\N
23	google	2025-09-26 12:23:01.789452+00	6.730307102203369	\N	9	t	\N	\N	\N	categorize_expense	gemini-2.5-flash	\N
24	google	2025-09-27 13:09:27.654878+00	6.813753366470337	\N	9	t	\N	\N	\N	categorize_expense	gemini-2.5-flash	\N
\.


--
-- Data for Name: auth_group; Type: TABLE DATA; Schema: public; Owner: batman
--

COPY public.auth_group (id, name) FROM stdin;
\.


--
-- Data for Name: auth_group_permissions; Type: TABLE DATA; Schema: public; Owner: batman
--

COPY public.auth_group_permissions (id, group_id, permission_id) FROM stdin;
\.


--
-- Data for Name: auth_permission; Type: TABLE DATA; Schema: public; Owner: batman
--

COPY public.auth_permission (id, name, content_type_id, codename) FROM stdin;
1	Can add log entry	1	add_logentry
2	Can change log entry	1	change_logentry
3	Can delete log entry	1	delete_logentry
4	Can view log entry	1	view_logentry
5	Can add permission	2	add_permission
6	Can change permission	2	change_permission
7	Can delete permission	2	delete_permission
8	Can view permission	2	view_permission
9	Can add group	3	add_group
10	Can change group	3	change_group
11	Can delete group	3	delete_group
12	Can view group	3	view_group
13	Can add user	4	add_user
14	Can change user	4	change_user
15	Can delete user	4	delete_user
16	Can view user	4	view_user
17	Can add content type	5	add_contenttype
18	Can change content type	5	change_contenttype
19	Can delete content type	5	delete_contenttype
20	Can view content type	5	view_contenttype
21	Can add session	6	add_session
22	Can change session	6	change_session
23	Can delete session	6	delete_session
24	Can view session	6	view_session
25	Can add Бюджет	7	add_budget
26	Can change Бюджет	7	change_budget
27	Can delete Бюджет	7	delete_budget
28	Can view Бюджет	7	view_budget
29	Can add Кешбэк	8	add_cashback
30	Can change Кешбэк	8	change_cashback
31	Can delete Кешбэк	8	delete_cashback
32	Can view Кешбэк	8	view_cashback
33	Can add Трата	9	add_expense
34	Can change Трата	9	change_expense
35	Can delete Трата	9	delete_expense
36	Can view Трата	9	view_expense
37	Can add Категория	10	add_expensecategory
38	Can change Категория	10	change_expensecategory
39	Can delete Категория	10	delete_expensecategory
40	Can view Категория	10	view_expensecategory
41	Can add Профиль	11	add_profile
42	Can change Профиль	11	change_profile
43	Can delete Профиль	11	delete_profile
44	Can view Профиль	11	view_profile
45	Can add Настройки	12	add_usersettings
46	Can change Настройки	12	change_usersettings
47	Can delete Настройки	12	delete_usersettings
48	Can view Настройки	12	view_usersettings
49	Can add Регулярный платеж	13	add_recurringpayment
50	Can change Регулярный платеж	13	change_recurringpayment
51	Can delete Регулярный платеж	13	delete_recurringpayment
52	Can view Регулярный платеж	13	view_recurringpayment
53	Can add Подписка	14	add_subscription
54	Can change Подписка	14	change_subscription
55	Can delete Подписка	14	delete_subscription
56	Can view Подписка	14	view_subscription
57	Can add Реферальный бонус	15	add_referralbonus
58	Can change Реферальный бонус	15	change_referralbonus
59	Can delete Реферальный бонус	15	delete_referralbonus
60	Can view Реферальный бонус	15	view_referralbonus
61	Can add Промокод	16	add_promocode
62	Can change Промокод	16	change_promocode
63	Can delete Промокод	16	delete_promocode
64	Can view Промокод	16	view_promocode
65	Can add Использование промокода	17	add_promocodeusage
66	Can change Использование промокода	17	change_promocodeusage
67	Can delete Использование промокода	17	delete_promocodeusage
68	Can view Использование промокода	17	view_promocodeusage
69	Can add Ключевое слово категории	18	add_categorykeyword
70	Can change Ключевое слово категории	18	change_categorykeyword
71	Can delete Ключевое слово категории	18	delete_categorykeyword
72	Can view Ключевое слово категории	18	view_categorykeyword
73	Can add Уведомление о подписке	19	add_subscriptionnotification
74	Can change Уведомление о подписке	19	change_subscriptionnotification
75	Can delete Уведомление о подписке	19	delete_subscriptionnotification
76	Can view Уведомление о подписке	19	view_subscriptionnotification
77	Can add crontab	20	add_crontabschedule
78	Can change crontab	20	change_crontabschedule
79	Can delete crontab	20	delete_crontabschedule
80	Can view crontab	20	view_crontabschedule
81	Can add interval	21	add_intervalschedule
82	Can change interval	21	change_intervalschedule
83	Can delete interval	21	delete_intervalschedule
84	Can view interval	21	view_intervalschedule
85	Can add periodic task	22	add_periodictask
86	Can change periodic task	22	change_periodictask
87	Can delete periodic task	22	delete_periodictask
88	Can view periodic task	22	view_periodictask
89	Can add periodic tasks	23	add_periodictasks
90	Can change periodic tasks	23	change_periodictasks
91	Can delete periodic tasks	23	delete_periodictasks
92	Can view periodic tasks	23	view_periodictasks
93	Can add solar event	24	add_solarschedule
94	Can change solar event	24	change_solarschedule
95	Can delete solar event	24	delete_solarschedule
96	Can view solar event	24	view_solarschedule
97	Can add clocked	25	add_clockedschedule
98	Can change clocked	25	change_clockedschedule
99	Can delete clocked	25	delete_clockedschedule
100	Can view clocked	25	view_clockedschedule
101	Can add Категория доходов	26	add_incomecategory
102	Can change Категория доходов	26	change_incomecategory
103	Can delete Категория доходов	26	delete_incomecategory
104	Can view Категория доходов	26	view_incomecategory
105	Can add Доход	27	add_income
106	Can change Доход	27	change_income
107	Can delete Доход	27	delete_income
108	Can view Доход	27	view_income
109	Can add Ключевое слово категории дохода	28	add_incomecategorykeyword
110	Can change Ключевое слово категории дохода	28	change_incomecategorykeyword
111	Can delete Ключевое слово категории дохода	28	delete_incomecategorykeyword
112	Can view Ключевое слово категории дохода	28	view_incomecategorykeyword
113	Can add Рассылка	29	add_broadcastmessage
114	Can change Рассылка	29	change_broadcastmessage
115	Can delete Рассылка	29	delete_broadcastmessage
116	Can view Рассылка	29	view_broadcastmessage
117	Can add Получатель рассылки	30	add_broadcastrecipient
118	Can change Получатель рассылки	30	change_broadcastrecipient
119	Can delete Получатель рассылки	30	delete_broadcastrecipient
120	Can view Получатель рассылки	30	view_broadcastrecipient
121	Can add Реферальная ссылка	31	add_affiliatelink
122	Can change Реферальная ссылка	31	change_affiliatelink
123	Can delete Реферальная ссылка	31	delete_affiliatelink
124	Can view Реферальная ссылка	31	view_affiliatelink
125	Can add Реферальная программа	32	add_affiliateprogram
126	Can change Реферальная программа	32	change_affiliateprogram
127	Can delete Реферальная программа	32	delete_affiliateprogram
128	Can view Реферальная программа	32	view_affiliateprogram
129	Can add Реферальная связь	33	add_affiliatereferral
130	Can change Реферальная связь	33	change_affiliatereferral
131	Can delete Реферальная связь	33	delete_affiliatereferral
132	Can view Реферальная связь	33	view_affiliatereferral
133	Can add Комиссия реферера	34	add_affiliatecommission
134	Can change Комиссия реферера	34	change_affiliatecommission
135	Can delete Комиссия реферера	34	delete_affiliatecommission
136	Can view Комиссия реферера	34	view_affiliatecommission
137	Can add Закреп Топ‑5	35	add_top5pin
138	Can change Закреп Топ‑5	35	change_top5pin
139	Can delete Закреп Топ‑5	35	delete_top5pin
140	Can view Закреп Топ‑5	35	view_top5pin
141	Can add Снепшот Топ‑5	36	add_top5snapshot
142	Can change Снепшот Топ‑5	36	change_top5snapshot
143	Can delete Снепшот Топ‑5	36	delete_top5snapshot
144	Can view Снепшот Топ‑5	36	view_top5snapshot
145	Can add Проверка здоровья системы	37	add_systemhealthcheck
146	Can change Проверка здоровья системы	37	change_systemhealthcheck
147	Can delete Проверка здоровья системы	37	delete_systemhealthcheck
148	Can view Проверка здоровья системы	37	view_systemhealthcheck
149	Can add Метрика AI сервиса	38	add_aiservicemetrics
150	Can change Метрика AI сервиса	38	change_aiservicemetrics
151	Can delete Метрика AI сервиса	38	delete_aiservicemetrics
152	Can view Метрика AI сервиса	38	view_aiservicemetrics
153	Can add Аналитика пользователя	39	add_useranalytics
154	Can change Аналитика пользователя	39	change_useranalytics
155	Can delete Аналитика пользователя	39	delete_useranalytics
156	Can view Аналитика пользователя	39	view_useranalytics
157	Can add Домохозяйство	40	add_household
158	Can change Домохозяйство	40	change_household
159	Can delete Домохозяйство	40	delete_household
160	Can view Домохозяйство	40	view_household
161	Can add Приглашение в сем. бюджет	41	add_familyinvite
162	Can change Приглашение в сем. бюджет	41	change_familyinvite
163	Can delete Приглашение в сем. бюджет	41	delete_familyinvite
164	Can view Приглашение в сем. бюджет	41	view_familyinvite
165	Can add Рекламная кампания	42	add_advertisercampaign
166	Can change Рекламная кампания	42	change_advertisercampaign
167	Can delete Рекламная кампания	42	delete_advertisercampaign
168	Can view Рекламная кампания	42	view_advertisercampaign
\.


--
-- Data for Name: auth_user; Type: TABLE DATA; Schema: public; Owner: batman
--

COPY public.auth_user (id, password, last_login, is_superuser, username, first_name, last_name, email, is_staff, is_active, date_joined) FROM stdin;
1	pbkdf2_sha256$720000$jGZpj7h9H70fFnl4IPtmYi$24ronsmIwuF3eJi48sDCcHhafzshyhWhKY3MmBvCHf4=	2025-09-17 15:06:30.901134+00	t	batman				t	t	2025-08-09 14:58:56.534074+00
\.


--
-- Data for Name: auth_user_groups; Type: TABLE DATA; Schema: public; Owner: batman
--

COPY public.auth_user_groups (id, user_id, group_id) FROM stdin;
\.


--
-- Data for Name: auth_user_user_permissions; Type: TABLE DATA; Schema: public; Owner: batman
--

COPY public.auth_user_user_permissions (id, user_id, permission_id) FROM stdin;
\.


--
-- Data for Name: django_admin_log; Type: TABLE DATA; Schema: public; Owner: batman
--

COPY public.django_admin_log (id, action_time, object_id, object_repr, action_flag, change_message, content_type_id, user_id) FROM stdin;
1	2025-08-09 15:21:49.55954+00	2	User 1088315253	3		11	1
2	2025-08-09 20:05:03.948463+00	3	User 8239680156	3		11	1
3	2025-08-14 14:49:55.210804+00	12	User 8239680156	2	[{"added": {"name": "\\u041f\\u043e\\u0434\\u043f\\u0438\\u0441\\u043a\\u0430", "object": "User 8239680156 - \\u041c\\u0435\\u0441\\u044f\\u0447\\u043d\\u0430\\u044f \\u043f\\u043e\\u0434\\u043f\\u0438\\u0441\\u043a\\u0430 \\u0434\\u043e 14.11.2025"}}]	11	1
4	2025-08-14 14:50:07.568847+00	11	User 224191007	2	[{"added": {"name": "\\u041f\\u043e\\u0434\\u043f\\u0438\\u0441\\u043a\\u0430", "object": "User 224191007 - \\u041c\\u0435\\u0441\\u044f\\u0447\\u043d\\u0430\\u044f \\u043f\\u043e\\u0434\\u043f\\u0438\\u0441\\u043a\\u0430 \\u0434\\u043e 14.11.2025"}}]	11	1
5	2025-08-14 14:50:17.668867+00	10	User 6118007130	2	[{"added": {"name": "\\u041f\\u043e\\u0434\\u043f\\u0438\\u0441\\u043a\\u0430", "object": "User 6118007130 - \\u041c\\u0435\\u0441\\u044f\\u0447\\u043d\\u0430\\u044f \\u043f\\u043e\\u0434\\u043f\\u0438\\u0441\\u043a\\u0430 \\u0434\\u043e 14.11.2025"}}]	11	1
6	2025-08-14 14:50:25.966342+00	9	User 7967547829	2	[{"added": {"name": "\\u041f\\u043e\\u0434\\u043f\\u0438\\u0441\\u043a\\u0430", "object": "User 7967547829 - \\u041c\\u0435\\u0441\\u044f\\u0447\\u043d\\u0430\\u044f \\u043f\\u043e\\u0434\\u043f\\u0438\\u0441\\u043a\\u0430 \\u0434\\u043e 14.11.2025"}}]	11	1
7	2025-08-14 14:50:33.224664+00	8	User 1143389408	2	[{"added": {"name": "\\u041f\\u043e\\u0434\\u043f\\u0438\\u0441\\u043a\\u0430", "object": "User 1143389408 - \\u041c\\u0435\\u0441\\u044f\\u0447\\u043d\\u0430\\u044f \\u043f\\u043e\\u0434\\u043f\\u0438\\u0441\\u043a\\u0430 \\u0434\\u043e 14.11.2025"}}]	11	1
8	2025-08-14 14:50:41.969729+00	7	User 1321872651	2	[{"added": {"name": "\\u041f\\u043e\\u0434\\u043f\\u0438\\u0441\\u043a\\u0430", "object": "User 1321872651 - \\u041c\\u0435\\u0441\\u044f\\u0447\\u043d\\u0430\\u044f \\u043f\\u043e\\u0434\\u043f\\u0438\\u0441\\u043a\\u0430 \\u0434\\u043e 14.11.2025"}}]	11	1
9	2025-08-14 14:50:50.244881+00	6	User 850323969	2	[{"added": {"name": "\\u041f\\u043e\\u0434\\u043f\\u0438\\u0441\\u043a\\u0430", "object": "User 850323969 - \\u041c\\u0435\\u0441\\u044f\\u0447\\u043d\\u0430\\u044f \\u043f\\u043e\\u0434\\u043f\\u0438\\u0441\\u043a\\u0430 \\u0434\\u043e 14.11.2025"}}]	11	1
10	2025-08-14 14:50:57.600633+00	5	User 1722398961	2	[{"added": {"name": "\\u041f\\u043e\\u0434\\u043f\\u0438\\u0441\\u043a\\u0430", "object": "User 1722398961 - \\u041c\\u0435\\u0441\\u044f\\u0447\\u043d\\u0430\\u044f \\u043f\\u043e\\u0434\\u043f\\u0438\\u0441\\u043a\\u0430 \\u0434\\u043e 14.11.2025"}}]	11	1
11	2025-08-18 18:07:25.663418+00	14	User 2098173669	2	[{"added": {"name": "\\u041f\\u043e\\u0434\\u043f\\u0438\\u0441\\u043a\\u0430", "object": "User 2098173669 - \\u041c\\u0435\\u0441\\u044f\\u0447\\u043d\\u0430\\u044f \\u043f\\u043e\\u0434\\u043f\\u0438\\u0441\\u043a\\u0430 \\u0434\\u043e 18.09.2025"}}, {"changed": {"name": "\\u041f\\u043e\\u0434\\u043f\\u0438\\u0441\\u043a\\u0430", "object": "User 2098173669 - \\u041f\\u0440\\u043e\\u0431\\u043d\\u044b\\u0439 \\u043f\\u0435\\u0440\\u0438\\u043e\\u0434 \\u0434\\u043e 25.08.2026", "fields": ["End date"]}}]	11	1
12	2025-08-18 18:12:41.045801+00	1	User 881292737	2	[{"changed": {"fields": ["\\u0411\\u0435\\u0442\\u0430-\\u0442\\u0435\\u0441\\u0442\\u0435\\u0440"]}}, {"added": {"name": "\\u041f\\u043e\\u0434\\u043f\\u0438\\u0441\\u043a\\u0430", "object": "User 881292737 - \\u041c\\u0435\\u0441\\u044f\\u0447\\u043d\\u0430\\u044f \\u043f\\u043e\\u0434\\u043f\\u0438\\u0441\\u043a\\u0430 \\u0434\\u043e 18.09.2025"}}]	11	1
13	2025-08-18 18:16:12.034157+00	1	User 881292737	2	[{"added": {"name": "\\u041f\\u043e\\u0434\\u043f\\u0438\\u0441\\u043a\\u0430", "object": "User 881292737 - \\u041c\\u0435\\u0441\\u044f\\u0447\\u043d\\u0430\\u044f \\u043f\\u043e\\u0434\\u043f\\u0438\\u0441\\u043a\\u0430 \\u0434\\u043e 18.09.2025"}}, {"changed": {"name": "\\u041f\\u043e\\u0434\\u043f\\u0438\\u0441\\u043a\\u0430", "object": "User 881292737 - \\u041c\\u0435\\u0441\\u044f\\u0447\\u043d\\u0430\\u044f \\u043f\\u043e\\u0434\\u043f\\u0438\\u0441\\u043a\\u0430 \\u0434\\u043e 15.08.2025", "fields": ["End date"]}}]	11	1
14	2025-08-18 18:16:52.807227+00	1	User 881292737	2	[{"added": {"name": "\\u041f\\u043e\\u0434\\u043f\\u0438\\u0441\\u043a\\u0430", "object": "User 881292737 - \\u041c\\u0435\\u0441\\u044f\\u0447\\u043d\\u0430\\u044f \\u043f\\u043e\\u0434\\u043f\\u0438\\u0441\\u043a\\u0430 \\u0434\\u043e 18.09.2025"}}, {"deleted": {"name": "\\u041f\\u043e\\u0434\\u043f\\u0438\\u0441\\u043a\\u0430", "object": "User 881292737 - \\u041c\\u0435\\u0441\\u044f\\u0447\\u043d\\u0430\\u044f \\u043f\\u043e\\u0434\\u043f\\u0438\\u0441\\u043a\\u0430 \\u0434\\u043e 18.09.2025"}}, {"deleted": {"name": "\\u041f\\u043e\\u0434\\u043f\\u0438\\u0441\\u043a\\u0430", "object": "User 881292737 - \\u041c\\u0435\\u0441\\u044f\\u0447\\u043d\\u0430\\u044f \\u043f\\u043e\\u0434\\u043f\\u0438\\u0441\\u043a\\u0430 \\u0434\\u043e 18.09.2025"}}, {"deleted": {"name": "\\u041f\\u043e\\u0434\\u043f\\u0438\\u0441\\u043a\\u0430", "object": "User 881292737 - \\u041f\\u0440\\u043e\\u0431\\u043d\\u044b\\u0439 \\u043f\\u0435\\u0440\\u0438\\u043e\\u0434 \\u0434\\u043e 15.08.2025"}}, {"deleted": {"name": "\\u041f\\u043e\\u0434\\u043f\\u0438\\u0441\\u043a\\u0430", "object": "User 881292737 - \\u041c\\u0435\\u0441\\u044f\\u0447\\u043d\\u0430\\u044f \\u043f\\u043e\\u0434\\u043f\\u0438\\u0441\\u043a\\u0430 \\u0434\\u043e 15.08.2025"}}]	11	1
15	2025-08-18 18:17:11.505059+00	1	User 881292737	2	[{"added": {"name": "\\u041f\\u043e\\u0434\\u043f\\u0438\\u0441\\u043a\\u0430", "object": "User 881292737 - \\u041c\\u0435\\u0441\\u044f\\u0447\\u043d\\u0430\\u044f \\u043f\\u043e\\u0434\\u043f\\u0438\\u0441\\u043a\\u0430 \\u0434\\u043e 18.09.2025"}}, {"changed": {"name": "\\u041f\\u043e\\u0434\\u043f\\u0438\\u0441\\u043a\\u0430", "object": "User 881292737 - \\u041c\\u0435\\u0441\\u044f\\u0447\\u043d\\u0430\\u044f \\u043f\\u043e\\u0434\\u043f\\u0438\\u0441\\u043a\\u0430 \\u0434\\u043e 18.08.2025", "fields": ["End date"]}}]	11	1
16	2025-08-18 18:17:25.252318+00	1	User 881292737	2	[{"added": {"name": "\\u041f\\u043e\\u0434\\u043f\\u0438\\u0441\\u043a\\u0430", "object": "User 881292737 - \\u041c\\u0435\\u0441\\u044f\\u0447\\u043d\\u0430\\u044f \\u043f\\u043e\\u0434\\u043f\\u0438\\u0441\\u043a\\u0430 \\u0434\\u043e 18.09.2025"}}, {"deleted": {"name": "\\u041f\\u043e\\u0434\\u043f\\u0438\\u0441\\u043a\\u0430", "object": "User 881292737 - \\u041c\\u0435\\u0441\\u044f\\u0447\\u043d\\u0430\\u044f \\u043f\\u043e\\u0434\\u043f\\u0438\\u0441\\u043a\\u0430 \\u0434\\u043e 18.09.2025"}}, {"deleted": {"name": "\\u041f\\u043e\\u0434\\u043f\\u0438\\u0441\\u043a\\u0430", "object": "User 881292737 - \\u041c\\u0435\\u0441\\u044f\\u0447\\u043d\\u0430\\u044f \\u043f\\u043e\\u0434\\u043f\\u0438\\u0441\\u043a\\u0430 \\u0434\\u043e 18.08.2025"}}]	11	1
17	2025-08-18 18:17:43.046929+00	1	User 881292737	2	[{"added": {"name": "\\u041f\\u043e\\u0434\\u043f\\u0438\\u0441\\u043a\\u0430", "object": "User 881292737 - \\u041c\\u0435\\u0441\\u044f\\u0447\\u043d\\u0430\\u044f \\u043f\\u043e\\u0434\\u043f\\u0438\\u0441\\u043a\\u0430 \\u0434\\u043e 18.09.2025"}}]	11	1
18	2025-08-24 10:35:44.992831+00	13	User 5100223291	2	[{"changed": {"fields": ["\\u0411\\u0435\\u0442\\u0430-\\u0442\\u0435\\u0441\\u0442\\u0435\\u0440"]}}, {"added": {"name": "\\u041f\\u043e\\u0434\\u043f\\u0438\\u0441\\u043a\\u0430", "object": "User 5100223291 - \\u041c\\u0435\\u0441\\u044f\\u0447\\u043d\\u0430\\u044f \\u043f\\u043e\\u0434\\u043f\\u0438\\u0441\\u043a\\u0430 \\u0434\\u043e 24.09.2025"}}]	11	1
19	2025-08-26 09:21:35.566846+00	15	User 1085523111	2	[{"changed": {"fields": ["\\u0411\\u0435\\u0442\\u0430-\\u0442\\u0435\\u0441\\u0442\\u0435\\u0440"]}}, {"added": {"name": "\\u041f\\u043e\\u0434\\u043f\\u0438\\u0441\\u043a\\u0430", "object": "User 1085523111 - \\u041c\\u0435\\u0441\\u044f\\u0447\\u043d\\u0430\\u044f \\u043f\\u043e\\u0434\\u043f\\u0438\\u0441\\u043a\\u0430 \\u0434\\u043e 26.09.2025"}}]	11	1
88	2025-09-20 19:39:04.119462+00	78	User 7769798261	3		11	1
89	2025-09-20 19:39:04.123094+00	77	User 6252178237	3		11	1
90	2025-09-20 19:39:04.125534+00	76	User 6119050864	3		11	1
91	2025-09-20 19:39:04.127993+00	75	User 5714674020	3		11	1
92	2025-09-20 19:39:04.130407+00	74	User 6062983912	3		11	1
20	2025-08-26 09:21:55.309957+00	15	User 1085523111	2	[{"added": {"name": "\\u041f\\u043e\\u0434\\u043f\\u0438\\u0441\\u043a\\u0430", "object": "User 1085523111 - \\u041c\\u0435\\u0441\\u044f\\u0447\\u043d\\u0430\\u044f \\u043f\\u043e\\u0434\\u043f\\u0438\\u0441\\u043a\\u0430 \\u0434\\u043e 26.09.2025"}}, {"changed": {"name": "\\u041f\\u043e\\u0434\\u043f\\u0438\\u0441\\u043a\\u0430", "object": "User 1085523111 - \\u041c\\u0435\\u0441\\u044f\\u0447\\u043d\\u0430\\u044f \\u043f\\u043e\\u0434\\u043f\\u0438\\u0441\\u043a\\u0430 \\u0434\\u043e 26.09.2026", "fields": ["End date"]}}]	11	1
21	2025-09-04 22:12:59.684538+00	1	User 881292737	2	[{"added": {"name": "\\u041f\\u043e\\u0434\\u043f\\u0438\\u0441\\u043a\\u0430", "object": "User 881292737 - \\u041c\\u0435\\u0441\\u044f\\u0447\\u043d\\u0430\\u044f \\u043f\\u043e\\u0434\\u043f\\u0438\\u0441\\u043a\\u0430 \\u0434\\u043e 05.10.2025"}}, {"deleted": {"name": "\\u041f\\u043e\\u0434\\u043f\\u0438\\u0441\\u043a\\u0430", "object": "User 881292737 - \\u041c\\u0435\\u0441\\u044f\\u0447\\u043d\\u0430\\u044f \\u043f\\u043e\\u0434\\u043f\\u0438\\u0441\\u043a\\u0430 \\u0434\\u043e 18.09.2025"}}, {"deleted": {"name": "\\u041f\\u043e\\u0434\\u043f\\u0438\\u0441\\u043a\\u0430", "object": "User 881292737 - \\u041c\\u0435\\u0441\\u044f\\u0447\\u043d\\u0430\\u044f \\u043f\\u043e\\u0434\\u043f\\u0438\\u0441\\u043a\\u0430 \\u0434\\u043e 18.09.2025"}}]	11	1
22	2025-09-04 22:13:14.23287+00	1	User 881292737	2	[{"added": {"name": "\\u041f\\u043e\\u0434\\u043f\\u0438\\u0441\\u043a\\u0430", "object": "User 881292737 - \\u041c\\u0435\\u0441\\u044f\\u0447\\u043d\\u0430\\u044f \\u043f\\u043e\\u0434\\u043f\\u0438\\u0441\\u043a\\u0430 \\u0434\\u043e 05.10.2025"}}, {"deleted": {"name": "\\u041f\\u043e\\u0434\\u043f\\u0438\\u0441\\u043a\\u0430", "object": "User 881292737 - \\u041c\\u0435\\u0441\\u044f\\u0447\\u043d\\u0430\\u044f \\u043f\\u043e\\u0434\\u043f\\u0438\\u0441\\u043a\\u0430 \\u0434\\u043e 05.10.2025"}}]	11	1
23	2025-09-05 18:15:04.024365+00	1	User 881292737	2	[{"added": {"name": "\\u041f\\u043e\\u0434\\u043f\\u0438\\u0441\\u043a\\u0430", "object": "User 881292737 - \\u041c\\u0435\\u0441\\u044f\\u0447\\u043d\\u0430\\u044f \\u043f\\u043e\\u0434\\u043f\\u0438\\u0441\\u043a\\u0430 \\u0434\\u043e 05.10.2025"}}, {"changed": {"name": "\\u041f\\u043e\\u0434\\u043f\\u0438\\u0441\\u043a\\u0430", "object": "User 881292737 - \\u041c\\u0435\\u0441\\u044f\\u0447\\u043d\\u0430\\u044f \\u043f\\u043e\\u0434\\u043f\\u0438\\u0441\\u043a\\u0430 \\u0434\\u043e 06.09.2025", "fields": ["End date"]}}]	11	1
24	2025-09-05 18:15:34.122139+00	1	User 881292737	2	[{"changed": {"fields": ["\\u0411\\u0435\\u0442\\u0430-\\u0442\\u0435\\u0441\\u0442\\u0435\\u0440"]}}, {"added": {"name": "\\u041f\\u043e\\u0434\\u043f\\u0438\\u0441\\u043a\\u0430", "object": "User 881292737 - \\u041c\\u0435\\u0441\\u044f\\u0447\\u043d\\u0430\\u044f \\u043f\\u043e\\u0434\\u043f\\u0438\\u0441\\u043a\\u0430 \\u0434\\u043e 05.10.2025"}}, {"deleted": {"name": "\\u041f\\u043e\\u0434\\u043f\\u0438\\u0441\\u043a\\u0430", "object": "User 881292737 - \\u041c\\u0435\\u0441\\u044f\\u0447\\u043d\\u0430\\u044f \\u043f\\u043e\\u0434\\u043f\\u0438\\u0441\\u043a\\u0430 \\u0434\\u043e 05.10.2025"}}]	11	1
25	2025-09-11 19:26:55.838826+00	9	User 7967547829	3		11	1
26	2025-09-15 09:44:18.754963+00	4	User 1088315253	2	[{"changed": {"fields": ["\\u0411\\u0435\\u0442\\u0430-\\u0442\\u0435\\u0441\\u0442\\u0435\\u0440"]}}]	11	1
27	2025-09-15 09:44:30.657315+00	4	User 1088315253	2	[]	11	1
28	2025-09-17 11:22:07.871031+00	16	User 7967547829	3		11	1
29	2025-09-17 15:06:46.046219+00	17	User 7967547829	3		11	1
30	2025-09-19 09:44:09.913948+00	18	User 7967547829	3		11	1
31	2025-09-19 09:46:06.614505+00	19	User 7967547829	3		11	1
32	2025-09-19 21:08:26.78548+00	20	User 7967547829	3		11	1
33	2025-09-19 21:08:37.61998+00	21	User 1076311591	2	[{"changed": {"fields": ["\\u0411\\u0435\\u0442\\u0430-\\u0442\\u0435\\u0441\\u0442\\u0435\\u0440"]}}]	11	1
34	2025-09-19 21:12:31.315518+00	1	FIRSTM1M (-100 звёзд)	1	[{"added": {}}]	16	1
35	2025-09-19 21:23:06.411306+00	1	FIRSTM1M (-100.00%)	2	[{"changed": {"fields": ["\\u0422\\u0438\\u043f \\u0441\\u043a\\u0438\\u0434\\u043a\\u0438"]}}]	16	1
36	2025-09-19 21:23:37.881559+00	22	User 7967547829	3		11	1
37	2025-09-20 19:39:03.957772+00	129	User 7519650281	3		11	1
38	2025-09-20 19:39:03.963246+00	128	User 7703612744	3		11	1
39	2025-09-20 19:39:03.965782+00	127	User 7479869618	3		11	1
40	2025-09-20 19:39:03.968204+00	126	User 7189339335	3		11	1
41	2025-09-20 19:39:03.970668+00	125	User 5700473409	3		11	1
42	2025-09-20 19:39:03.97306+00	124	User 6230386589	3		11	1
43	2025-09-20 19:39:03.975661+00	123	User 5524623619	3		11	1
44	2025-09-20 19:39:03.977987+00	122	User 5615315014	3		11	1
45	2025-09-20 19:39:03.981674+00	121	User 5507792010	3		11	1
46	2025-09-20 19:39:03.984005+00	120	User 7092029478	3		11	1
47	2025-09-20 19:39:03.986375+00	119	User 6278093608	3		11	1
48	2025-09-20 19:39:03.988838+00	118	User 6193065995	3		11	1
49	2025-09-20 19:39:03.991186+00	117	User 7489071702	3		11	1
50	2025-09-20 19:39:03.99355+00	116	User 6190759293	3		11	1
51	2025-09-20 19:39:03.995981+00	115	User 7464027450	3		11	1
52	2025-09-20 19:39:03.998409+00	114	User 7455780914	3		11	1
53	2025-09-20 19:39:04.000915+00	113	User 5437919560	3		11	1
54	2025-09-20 19:39:04.003761+00	112	User 7045446655	3		11	1
55	2025-09-20 19:39:04.01014+00	111	User 8165312527	3		11	1
56	2025-09-20 19:39:04.021577+00	110	User 7452905147	3		11	1
57	2025-09-20 19:39:04.028144+00	109	User 6036440065	3		11	1
58	2025-09-20 19:39:04.031853+00	108	User 1879760118	3		11	1
59	2025-09-20 19:39:04.03759+00	107	User 7295799185	3		11	1
60	2025-09-20 19:39:04.042057+00	106	User 7188689787	3		11	1
61	2025-09-20 19:39:04.045681+00	105	User 6188704303	3		11	1
62	2025-09-20 19:39:04.048445+00	104	User 6230657289	3		11	1
63	2025-09-20 19:39:04.050892+00	103	User 6287324966	3		11	1
64	2025-09-20 19:39:04.053354+00	102	User 7794742576	3		11	1
65	2025-09-20 19:39:04.055876+00	101	User 7444110280	3		11	1
66	2025-09-20 19:39:04.058402+00	100	User 5596173610	3		11	1
67	2025-09-20 19:39:04.062389+00	99	User 5302451172	3		11	1
68	2025-09-20 19:39:04.066008+00	98	User 6299202432	3		11	1
69	2025-09-20 19:39:04.068567+00	97	User 6042412412	3		11	1
70	2025-09-20 19:39:04.071159+00	96	User 7787262487	3		11	1
71	2025-09-20 19:39:04.073851+00	95	User 6149801479	3		11	1
72	2025-09-20 19:39:04.076498+00	94	User 7396221012	3		11	1
73	2025-09-20 19:39:04.079181+00	93	User 5385595638	3		11	1
74	2025-09-20 19:39:04.082521+00	92	User 5936724124	3		11	1
75	2025-09-20 19:39:04.085098+00	91	User 6128414920	3		11	1
76	2025-09-20 19:39:04.087667+00	90	User 6166526758	3		11	1
77	2025-09-20 19:39:04.090199+00	89	User 5874774846	3		11	1
78	2025-09-20 19:39:04.09274+00	88	User 7485088842	3		11	1
79	2025-09-20 19:39:04.095319+00	87	User 7450737335	3		11	1
80	2025-09-20 19:39:04.099311+00	86	User 6034761214	3		11	1
81	2025-09-20 19:39:04.101785+00	85	User 7760866120	3		11	1
82	2025-09-20 19:39:04.10421+00	84	User 7014131019	3		11	1
83	2025-09-20 19:39:04.107004+00	83	User 5381891021	3		11	1
84	2025-09-20 19:39:04.109441+00	82	User 6724971242	3		11	1
85	2025-09-20 19:39:04.111988+00	81	User 5535571089	3		11	1
86	2025-09-20 19:39:04.114447+00	80	User 6166400428	3		11	1
87	2025-09-20 19:39:04.116944+00	79	User 7383636233	3		11	1
93	2025-09-20 19:39:04.132812+00	73	User 5436856226	3		11	1
94	2025-09-20 19:39:04.135195+00	72	User 7005436875	3		11	1
95	2025-09-20 19:39:04.137502+00	71	User 7827146467	3		11	1
96	2025-09-20 19:39:04.139854+00	70	User 6192516469	3		11	1
97	2025-09-20 19:39:04.142252+00	69	User 7859284709	3		11	1
98	2025-09-20 19:39:04.145025+00	68	User 7223385449	3		11	1
99	2025-09-20 19:39:04.147308+00	67	User 5421033978	3		11	1
100	2025-09-20 19:39:04.14969+00	66	User 5388793221	3		11	1
101	2025-09-20 19:39:04.151981+00	65	User 7375561702	3		11	1
102	2025-09-20 19:39:04.154272+00	64	User 7922043919	3		11	1
103	2025-09-20 19:39:04.158306+00	63	User 7119788693	3		11	1
104	2025-09-20 19:39:04.160685+00	62	User 7713638248	3		11	1
105	2025-09-20 19:39:04.165274+00	61	User 7712023058	3		11	1
106	2025-09-20 19:39:04.172145+00	60	User 6236642798	3		11	1
107	2025-09-20 19:39:04.175685+00	59	User 7048095916	3		11	1
108	2025-09-20 19:39:04.178+00	58	User 7697467509	3		11	1
109	2025-09-20 19:39:04.180341+00	57	User 6260884560	3		11	1
110	2025-09-20 19:39:04.182776+00	56	User 6191713120	3		11	1
111	2025-09-20 19:39:04.185127+00	55	User 5588278982	3		11	1
112	2025-09-20 19:39:04.187449+00	54	User 6501465519	3		11	1
113	2025-09-20 19:39:04.189812+00	53	User 6152719322	3		11	1
114	2025-09-20 19:39:04.192146+00	52	User 5839034957	3		11	1
115	2025-09-20 19:39:04.194484+00	51	User 5459953502	3		11	1
116	2025-09-20 19:39:04.196908+00	50	User 7767449265	3		11	1
117	2025-09-20 19:39:04.199286+00	49	User 5617675100	3		11	1
118	2025-09-20 19:39:04.201762+00	48	User 5446719303	3		11	1
119	2025-09-20 19:39:04.206148+00	47	User 5557794158	3		11	1
120	2025-09-20 19:39:04.208638+00	46	User 6058821369	3		11	1
121	2025-09-20 19:39:04.211055+00	45	User 8187803241	3		11	1
122	2025-09-20 19:39:04.213558+00	44	User 5275907542	3		11	1
123	2025-09-20 19:39:04.215928+00	43	User 5437143337	3		11	1
124	2025-09-20 19:39:04.218257+00	42	User 5569705148	3		11	1
125	2025-09-20 19:39:04.220726+00	41	User 6121605976	3		11	1
126	2025-09-20 19:39:04.223068+00	40	User 7837645632	3		11	1
127	2025-09-20 19:39:04.225435+00	39	User 5302188561	3		11	1
128	2025-09-20 19:39:04.22793+00	38	User 5539830340	3		11	1
129	2025-09-20 19:39:04.230312+00	37	User 7498223633	3		11	1
130	2025-09-20 19:39:04.232753+00	36	User 5413797402	3		11	1
131	2025-09-20 19:39:04.235165+00	35	User 5399573583	3		11	1
132	2025-09-20 19:39:04.237577+00	34	User 6990946927	3		11	1
133	2025-09-20 19:39:04.240037+00	33	User 7824532144	3		11	1
134	2025-09-20 19:39:04.242539+00	32	User 7387894213	3		11	1
135	2025-09-20 19:39:04.244954+00	31	User 6022251965	3		11	1
136	2025-09-20 19:39:04.247378+00	30	User 5835071127	3		11	1
137	2025-09-20 19:39:04.249802+00	29	User 5567739383	3		11	1
138	2025-09-20 19:39:04.252161+00	28	User 7132676503	3		11	1
139	2025-09-20 19:39:04.254578+00	27	User 7283249859	3		11	1
140	2025-09-20 19:39:04.257102+00	26	User 1320438711	3		11	1
141	2025-09-20 19:39:04.259659+00	25	User 5404867652	3		11	1
142	2025-09-20 19:39:04.2621+00	24	User 7460979349	3		11	1
143	2025-09-22 10:21:27.333569+00	23	User 7967547829	2	[{"changed": {"name": "\\u041f\\u043e\\u0434\\u043f\\u0438\\u0441\\u043a\\u0430", "object": "User 7967547829 - \\u041f\\u0440\\u043e\\u0431\\u043d\\u044b\\u0439 \\u043f\\u0435\\u0440\\u0438\\u043e\\u0434 \\u0434\\u043e 21.09.2025", "fields": ["End date"]}}]	11	1
144	2025-09-22 21:22:50.228636+00	23	User 7967547829	3		11	1
145	2025-09-24 13:19:11.863406+00	1	COINSFRIENDS	1	[{"added": {}}]	42	1
146	2025-09-24 13:20:49.282541+00	132	User 5278792201	2	[{"changed": {"name": "\\u041f\\u043e\\u0434\\u043f\\u0438\\u0441\\u043a\\u0430", "object": "User 5278792201 - \\u041f\\u0440\\u043e\\u0431\\u043d\\u044b\\u0439 \\u043f\\u0435\\u0440\\u0438\\u043e\\u0434 \\u0434\\u043e 30.09.2026", "fields": ["End date"]}}]	11	1
147	2025-09-24 13:21:16.699434+00	130	User 487016916	2	[{"changed": {"name": "\\u041f\\u043e\\u0434\\u043f\\u0438\\u0441\\u043a\\u0430", "object": "User 487016916 - \\u041f\\u0440\\u043e\\u0431\\u043d\\u044b\\u0439 \\u043f\\u0435\\u0440\\u0438\\u043e\\u0434 \\u0434\\u043e 27.09.2026", "fields": ["End date"]}}]	11	1
148	2025-09-24 13:21:39.428128+00	131	User 7967547829	3		11	1
149	2025-09-24 13:23:50.435883+00	133	User 7967547829	3		11	1
150	2025-09-24 13:43:42.142791+00	1	FIRSTM1M (-100.00%)	3		16	1
151	2025-09-24 13:44:49.810283+00	2	COINSFRIENDS (-100%)	1	[{"added": {}}]	16	1
\.


--
-- Data for Name: django_celery_beat_clockedschedule; Type: TABLE DATA; Schema: public; Owner: batman
--

COPY public.django_celery_beat_clockedschedule (id, clocked_time) FROM stdin;
\.


--
-- Data for Name: django_celery_beat_crontabschedule; Type: TABLE DATA; Schema: public; Owner: batman
--

COPY public.django_celery_beat_crontabschedule (id, minute, hour, day_of_week, day_of_month, month_of_year, timezone) FROM stdin;
8	0	5	*	*	*	Europe/Moscow
2	0	*	*	*	*	Europe/Moscow
1	0	4	*	*	*	Europe/Moscow
7	0	20	*	*	*	Europe/Moscow
3	*/30	*	*	*	*	Europe/Moscow
4	0	3	0	*	*	Europe/Moscow
5	0	12	*	*	*	Europe/Moscow
6	0	10	*	*	*	Europe/Moscow
11	0	3	*	*	*	Europe/Moscow
9	*/15	*	*	*	*	Europe/Moscow
10	0	2	*	*	*	Europe/Moscow
\.


--
-- Data for Name: django_celery_beat_intervalschedule; Type: TABLE DATA; Schema: public; Owner: batman
--

COPY public.django_celery_beat_intervalschedule (id, every, period) FROM stdin;
\.


--
-- Data for Name: django_celery_beat_periodictask; Type: TABLE DATA; Schema: public; Owner: batman
--

COPY public.django_celery_beat_periodictask (id, name, task, args, kwargs, queue, exchange, routing_key, expires, enabled, last_run_at, total_run_count, date_changed, description, crontab_id, interval_id, solar_id, one_off, start_time, priority, headers, clocked_id, expire_seconds) FROM stdin;
1	celery.backend_cleanup	celery.backend_cleanup	[]	{}	\N	\N	\N	\N	t	2025-09-27 01:00:00.006522+00	41	2025-09-27 16:45:09.792552+00		1	\N	\N	f	\N	\N	{}	\N	43200
12	process-affiliate-commissions	expenses.tasks.process_affiliate_commissions	[]	{}	maintenance	\N	\N	\N	t	2025-09-26 23:00:00.034781+00	7	2025-09-27 16:45:09.918736+00		10	\N	\N	f	\N	\N	{}	\N	\N
13	check-subscription-refunds	expenses.tasks.check_subscription_refunds	[]	{}	maintenance	\N	\N	\N	t	2025-09-27 00:00:00.007221+00	7	2025-09-27 16:45:09.934731+00		11	\N	\N	f	\N	\N	{}	\N	\N
11	process-held-affiliate-commissions	expense_bot.celery_tasks.process_held_affiliate_commissions	[]	{}	maintenance	\N	\N	\N	t	2025-09-26 23:00:00.009341+00	19	2025-09-26 23:02:40.385837+00		10	\N	\N	f	\N	\N	{}	\N	\N
7	send-daily-admin-report	expense_bot.celery_tasks.send_daily_admin_report	[]	{}	reports	\N	\N	\N	t	2025-09-27 07:00:00.007495+00	41	2025-09-27 16:45:22.533966+00		6	\N	\N	f	\N	\N	{}	\N	\N
6	process-recurring-payments	expense_bot.celery_tasks.process_recurring_payments	[]	{}	recurring	\N	\N	\N	t	2025-09-27 09:00:00.009419+00	41	2025-09-27 16:45:22.547848+00		5	\N	\N	f	\N	\N	{}	\N	\N
5	cleanup-old-expenses	expense_bot.celery_tasks.cleanup_old_expenses	[]	{}	maintenance	\N	\N	\N	t	2025-09-21 00:00:00.023231+00	6	2025-09-27 16:45:22.57155+00		4	\N	\N	f	\N	\N	{}	\N	\N
8	update-top5-keyboards	expense_bot.celery_tasks.update_top5_keyboards	[]	{}	reports	\N	\N	\N	t	2025-09-27 02:00:00.008095+00	19	2025-09-27 16:45:22.579262+00		8	\N	\N	f	\N	\N	{}	\N	\N
10	collect-daily-analytics	expense_bot.celery_tasks.collect_daily_analytics	[]	{}	analytics	\N	\N	\N	t	2025-09-26 23:00:00.058207+00	19	2025-09-27 16:45:22.594578+00		10	\N	\N	f	\N	\N	{}	\N	\N
3	send-monthly-reports	expense_bot.celery_tasks.send_monthly_reports	[]	{}	reports	\N	\N	\N	t	2025-09-27 17:00:00.006438+00	317	2025-09-27 17:00:15.089072+00		7	\N	\N	f	\N	\N	{}	\N	\N
4	check-budget-limits	expense_bot.celery_tasks.check_budget_limits	[]	{}	notifications	\N	\N	\N	t	2025-09-27 17:00:00.045578+00	1855	2025-09-27 17:00:15.310378+00		3	\N	\N	f	\N	\N	{}	\N	\N
9	system-health-check	expense_bot.celery_tasks.system_health_check	[]	{}	monitoring	\N	\N	\N	t	2025-09-27 17:00:00.02616+00	1670	2025-09-27 17:00:15.329401+00		9	\N	\N	f	\N	\N	{}	\N	\N
\.


--
-- Data for Name: django_celery_beat_periodictasks; Type: TABLE DATA; Schema: public; Owner: batman
--

COPY public.django_celery_beat_periodictasks (ident, last_update) FROM stdin;
1	2025-09-27 16:45:22.595045+00
\.


--
-- Data for Name: django_celery_beat_solarschedule; Type: TABLE DATA; Schema: public; Owner: batman
--

COPY public.django_celery_beat_solarschedule (id, event, latitude, longitude) FROM stdin;
\.


--
-- Data for Name: django_content_type; Type: TABLE DATA; Schema: public; Owner: batman
--

COPY public.django_content_type (id, app_label, model) FROM stdin;
1	admin	logentry
2	auth	permission
3	auth	group
4	auth	user
5	contenttypes	contenttype
6	sessions	session
7	expenses	budget
8	expenses	cashback
9	expenses	expense
10	expenses	expensecategory
11	expenses	profile
12	expenses	usersettings
13	expenses	recurringpayment
14	expenses	subscription
15	expenses	referralbonus
16	expenses	promocode
17	expenses	promocodeusage
18	expenses	categorykeyword
19	expenses	subscriptionnotification
20	django_celery_beat	crontabschedule
21	django_celery_beat	intervalschedule
22	django_celery_beat	periodictask
23	django_celery_beat	periodictasks
24	django_celery_beat	solarschedule
25	django_celery_beat	clockedschedule
26	expenses	incomecategory
27	expenses	income
28	expenses	incomecategorykeyword
29	admin_panel	broadcastmessage
30	admin_panel	broadcastrecipient
31	expenses	affiliatelink
32	expenses	affiliateprogram
33	expenses	affiliatereferral
34	expenses	affiliatecommission
35	expenses	top5pin
36	expenses	top5snapshot
37	expenses	systemhealthcheck
38	expenses	aiservicemetrics
39	expenses	useranalytics
40	expenses	household
41	expenses	familyinvite
42	expenses	advertisercampaign
\.


--
-- Data for Name: django_migrations; Type: TABLE DATA; Schema: public; Owner: batman
--

COPY public.django_migrations (id, app, name, applied) FROM stdin;
1	contenttypes	0001_initial	2025-08-08 13:49:02.540516+00
2	auth	0001_initial	2025-08-08 13:49:02.705086+00
3	admin	0001_initial	2025-08-08 13:49:02.762443+00
4	admin	0002_logentry_remove_auto_add	2025-08-08 13:49:02.769211+00
5	admin	0003_logentry_add_action_flag_choices	2025-08-08 13:49:02.788072+00
6	contenttypes	0002_remove_content_type_name	2025-08-08 13:49:02.837351+00
7	auth	0002_alter_permission_name_max_length	2025-08-08 13:49:02.861997+00
8	auth	0003_alter_user_email_max_length	2025-08-08 13:49:02.886094+00
9	auth	0004_alter_user_username_opts	2025-08-08 13:49:02.899636+00
10	auth	0005_alter_user_last_login_null	2025-08-08 13:49:02.923394+00
11	auth	0006_require_contenttypes_0002	2025-08-08 13:49:02.928992+00
12	auth	0007_alter_validators_add_error_messages	2025-08-08 13:49:02.950437+00
13	auth	0008_alter_user_username_max_length	2025-08-08 13:49:02.981127+00
14	auth	0009_alter_user_last_name_max_length	2025-08-08 13:49:02.996627+00
15	auth	0010_alter_group_name_max_length	2025-08-08 13:49:03.025915+00
16	auth	0011_update_proxy_permissions	2025-08-08 13:49:03.045119+00
17	auth	0012_alter_user_first_name_max_length	2025-08-08 13:49:03.060683+00
18	expenses	0001_initial	2025-08-08 13:49:03.592563+00
19	expenses	0002_expense_currency	2025-08-08 13:49:03.608443+00
20	expenses	0003_alter_expense_options_cashback_description	2025-08-08 13:49:03.635391+00
21	expenses	0004_alter_cashback_unique_together_and_more	2025-08-08 13:49:03.731361+00
22	expenses	0005_subscription	2025-08-08 13:49:03.76705+00
23	expenses	0006_subscription_notification_sent_and_more	2025-08-08 13:49:03.835483+00
24	expenses	0007_profile_beta_access_key_profile_is_beta_tester_and_more	2025-08-08 13:49:04.114108+00
25	expenses	0008_remove_profile_first_name_remove_profile_last_name_and_more	2025-08-08 13:49:04.282815+00
26	expenses	0009_categorykeyword	2025-08-08 13:49:04.32691+00
27	expenses	0010_categorykeyword_auto_usage_count_and_more	2025-08-08 13:49:04.37557+00
28	expenses	0011_simplify_keyword_weights	2025-08-08 13:49:04.402712+00
29	expenses	0012_migrate_usage_counts	2025-08-08 13:49:04.418733+00
30	expenses	0013_usersettings_notification_time_and_more	2025-08-08 13:49:04.458548+00
31	expenses	0014_remove_usersettings_daily_reminder_enabled_and_more	2025-08-08 13:49:04.487957+00
32	expenses	0015_subscriptionnotification	2025-08-08 13:49:04.515278+00
33	sessions	0001_initial	2025-08-08 13:49:04.532603+00
34	expenses	0016_add_cashback_excluded	2025-08-12 22:45:43.70481+00
35	django_celery_beat	0001_initial	2025-08-14 11:23:14.489413+00
36	django_celery_beat	0002_auto_20161118_0346	2025-08-14 11:23:14.548758+00
37	django_celery_beat	0003_auto_20161209_0049	2025-08-14 11:23:14.562285+00
38	django_celery_beat	0004_auto_20170221_0000	2025-08-14 11:23:14.567216+00
39	django_celery_beat	0005_add_solarschedule_events_choices	2025-08-14 11:23:14.579833+00
40	django_celery_beat	0004_auto_20170221_0000	2025-08-14 11:23:14.666135+00
41	django_celery_beat	0005_add_solarschedule_events_choices	2025-08-14 11:23:14.6766+00
42	django_celery_beat	0006_auto_20180322_0932	2025-08-14 11:23:14.693056+00
43	django_celery_beat	0007_auto_20180521_0826	2025-08-14 11:23:14.751735+00
44	django_celery_beat	0008_auto_20180914_1922	2025-08-14 11:23:14.830106+00
45	django_celery_beat	0006_auto_20180210_1226	2025-08-14 11:23:14.880123+00
46	django_celery_beat	0006_periodictask_priority	2025-08-14 11:23:14.905656+00
47	django_celery_beat	0009_periodictask_headers	2025-08-14 11:23:14.934775+00
48	django_celery_beat	0010_auto_20190429_0326	2025-08-14 11:23:15.325198+00
49	django_celery_beat	0011_auto_20190508_0153	2025-08-14 11:23:15.424477+00
50	django_celery_beat	0012_periodictask_expire_seconds	2025-08-14 11:23:15.43936+00
51	django_celery_beat	0013_auto_20200609_0727	2025-08-14 11:23:15.454126+00
52	django_celery_beat	0014_remove_clockedschedule_enabled	2025-08-14 11:23:15.459693+00
53	django_celery_beat	0015_edit_solarschedule_events_choices	2025-08-14 11:23:15.463962+00
54	django_celery_beat	0016_alter_crontabschedule_timezone	2025-08-14 11:23:15.481354+00
55	django_celery_beat	0017_alter_crontabschedule_month_of_year	2025-08-14 11:23:15.500304+00
56	django_celery_beat	0018_improve_crontab_helptext	2025-08-14 11:23:15.519117+00
57	expenses	0017_remove_weekly_reports	2025-08-26 11:15:10.324933+00
58	expenses	0018_remove_monthly_summary_and_notification_time	2025-08-26 11:15:10.462695+00
59	expenses	0019_add_cashback_enabled	2025-09-01 23:05:21.495136+00
60	expenses	0020_incomecategory_income_and_more	2025-09-04 15:25:54.56392+00
61	expenses	0021_add_default_income_categories	2025-09-04 15:25:54.685998+00
62	expenses	0022_add_income_support_to_recurring_payments	2025-09-04 17:45:03.825003+00
63	expenses	0023_add_performance_indexes	2025-09-04 18:18:37.939692+00
64	expenses	0024_add_category_type_constraint	2025-09-04 18:18:37.976964+00
65	expenses	0025_add_income_category_keywords	2025-09-04 22:07:41.821087+00
66	admin_panel	0001_initial	2025-09-05 12:57:55.534063+00
67	expenses	0026_add_last_activity_field	2025-09-05 13:52:40.43292+00
68	expenses	0027_add_affiliate_program_models	2025-09-08 15:19:03.129432+00
69	expenses	0028_add_affiliate_payment_constraints	2025-09-08 15:19:03.187705+00
70	expenses	0029_add_multilingual_category_fields	2025-09-08 15:19:03.319226+00
71	expenses	0030_migrate_existing_categories_data	2025-09-08 15:19:03.522246+00
72	expenses	0031_add_multilingual_income_categories	2025-09-08 15:19:03.646657+00
73	expenses	0032_migrate_income_categories_data	2025-09-08 15:19:03.760022+00
74	expenses	0033_top5pin_top5snapshot_and_more	2025-09-08 15:19:03.985638+00
75	expenses	0034_systemhealthcheck_aiservicemetrics_useranalytics	2025-09-08 15:19:04.132783+00
76	expenses	0035_expense_cashback_amount	2025-09-08 15:19:04.157832+00
77	expenses	0036_add_households	2025-09-09 17:13:16.392132+00
78	expenses	0037_familyinvite_used_at_familyinvite_used_by_and_more	2025-09-09 17:13:17.154037+00
79	expenses	0038_usersettings_view_scope	2025-09-09 17:13:17.216303+00
80	expenses	0039_set_household_max_members_5	2025-09-09 19:42:33.549491+00
81	expenses	0039_set_household_max_members_5	2025-09-09 19:42:34.085901+00
82	expenses	0040_add_legal_acceptance_flags	2025-09-15 07:49:13.081588+00
83	expenses	0041_remove_old_referral_system	2025-09-17 18:35:15.770681+00
84	expenses	0042_add_promocode_subscription_types	2025-09-20 12:57:28.748469+00
85	expenses	0043_affiliaterewardfields	2025-09-20 12:57:29.125045+00
86	expenses	0044_profile_total_payments_count_and_more	2025-09-20 20:54:13.742847+00
87	expenses	0045_add_utm_tracking_fields	2025-09-22 21:53:56.743416+00
88	expenses	0046_advertisercampaign	2025-09-22 21:53:56.88863+00
89	expenses	0047_rename_advertiser_to_producer	2025-09-22 21:53:56.941325+00
\.


--
-- Data for Name: django_session; Type: TABLE DATA; Schema: public; Owner: batman
--

COPY public.django_session (session_key, session_data, expire_date) FROM stdin;
srymrwyr9bqruwpqr9bgmbrxasdkn7ha	.eJxVjMsOwiAQRf-FtSFACQ-X7v0GMswMUjWQlHZl_Hdt0oVu7znnvkSCba1pG7ykmcRZaHH63TLgg9sO6A7t1iX2ti5zlrsiDzrktRM_L4f7d1Bh1G_tCmWtcbJaBS6ozGQdo9M-EnuKaICzdR5CURQYPZTJYYk2FBO81yDeH_YFOHM:1ukl8n:FR4YjFhQj8AvUj-KNhnbHuI8iBBBBzdcLW1EW7g2fp4	2025-08-23 15:05:49.064689+00
f05nfmi90yygf0o7nqaxd578y0mh47w7	.eJxVjMsOwiAQRf-FtSFACQ-X7v0GMswMUjWQlHZl_Hdt0oVu7znnvkSCba1pG7ykmcRZaHH63TLgg9sO6A7t1iX2ti5zlrsiDzrktRM_L4f7d1Bh1G_tCmWtcbJaBS6ozGQdo9M-EnuKaICzdR5CURQYPZTJYYk2FBO81yDeH_YFOHM:1uq7OW:fjDqdnDhHwqfpfQVDk5mq_qwPhDTJxAC0zHGrX7nEHY	2025-09-07 09:52:12.099016+00
g064huas91nicawxvak39tkmsa2aowps	.eJxVjMsOwiAQRf-FtSFACQ-X7v0GMswMUjWQlHZl_Hdt0oVu7znnvkSCba1pG7ykmcRZaHH63TLgg9sO6A7t1iX2ti5zlrsiDzrktRM_L4f7d1Bh1G_tCmWtcbJaBS6ozGQdo9M-EnuKaICzdR5CURQYPZTJYYk2FBO81yDeH_YFOHM:1uwmrg:4Ug01Hmc7GHTCJDK0ddFN_YVOMPqc_tQK7-kzGq98fE	2025-09-25 19:21:52.40481+00
m2uzjca1d4aw3l28po5zhvodqm1so5q7	.eJxVjEEOwiAQRe_C2hBoB1JcuvcMZJgZpGogKe3KeHdt0oVu_3vvv1TEbS1x67LEmdVZWXX63RLSQ-oO-I711jS1ui5z0ruiD9r1tbE8L4f7d1Cwl28NQRjI0QBmCN6PxngU6zKbES0hcJDkAWRKJM5DhiwmWC92SsEZFvX-ANylN_8:1uyZne:Vvv_mZZ9nQUQdfJkOzOxybOr-P8PSlsFEWIV3wYypcQ	2025-09-30 17:49:06.112926+00
x2xzhwv1s0rg66amtknokyf0qyfpaprr	.eJxVjEEOwiAQRe_C2hBoB1JcuvcMZJgZpGogKe3KeHdt0oVu_3vvv1TEbS1x67LEmdVZWXX63RLSQ-oO-I711jS1ui5z0ruiD9r1tbE8L4f7d1Cwl28NQRjI0QBmCN6PxngU6zKbES0hcJDkAWRKJM5DhiwmWC92SsEZFvX-ANylN_8:1uyqCc:JcHE1HFyBOxigXRCq84m2SBC1L5SxCsvEPwcEkKuIgA	2025-10-01 11:19:58.955639+00
n65mjtnq6txwr5qavu2r0bgwwn9sqshp	.eJxVjEEOwiAQRe_C2hBoB1JcuvcMZJgZpGogKe3KeHdt0oVu_3vvv1TEbS1x67LEmdVZWXX63RLSQ-oO-I711jS1ui5z0ruiD9r1tbE8L4f7d1Cwl28NQRjI0QBmCN6PxngU6zKbES0hcJDkAWRKJM5DhiwmWC92SsEZFvX-ANylN_8:1uytjq:_m0d9HzDygD6h4fAg5C4rP59KVfTxB9liOuDFGi95DU	2025-10-01 15:06:30.905478+00
\.


--
-- Data for Name: expenses_advertisercampaign; Type: TABLE DATA; Schema: public; Owner: expense_user
--

COPY public.expenses_advertisercampaign (id, name, campaign, utm_code, source_type, is_active, status, budget, target_users, target_conversion, description, contact_info, created_at, updated_at, start_date, end_date, created_by_id) FROM stdin;
1	COINSFRIENDS		b_COINSFRIENDS	blogger	t	active	\N	\N	\N			2025-09-24 13:19:11.857082+00	2025-09-24 13:19:11.857094+00	\N	2025-09-30	1
\.


--
-- Data for Name: expenses_budget; Type: TABLE DATA; Schema: public; Owner: batman
--

COPY public.expenses_budget (id, amount, period_type, start_date, end_date, is_active, created_at, updated_at, category_id, profile_id) FROM stdin;
\.


--
-- Data for Name: expenses_cashback; Type: TABLE DATA; Schema: public; Owner: batman
--

COPY public.expenses_cashback (id, bank_name, cashback_percent, month, limit_amount, created_at, updated_at, category_id, profile_id, description) FROM stdin;
1	Альфа	2.50	8	\N	2025-08-08 16:05:48.387695+00	2025-08-08 16:05:48.387712+00	\N	1	Все покупки
2	ВТБ	5.00	8	\N	2025-08-08 16:06:19.889493+00	2025-08-08 16:06:19.88953+00	2	1	
3	Т-Банк	5.00	8	\N	2025-08-08 16:06:56.241324+00	2025-08-08 16:06:56.241341+00	5	1	Автоуслуги
4	Т-Банк	5.00	8	\N	2025-08-08 16:07:32.57709+00	2025-08-08 16:07:32.577105+00	12	1	Музыка
5	Альфа	7.00	8	\N	2025-08-08 17:54:22.604064+00	2025-08-08 17:54:22.60413+00	8	1	
6	Альфа	7.00	8	\N	2025-08-08 17:55:15.274159+00	2025-08-08 17:55:15.274173+00	1	1	Деливери клаб
7	Альфа	7.00	8	\N	2025-08-08 17:55:31.551659+00	2025-08-08 17:55:31.551674+00	10	1	
8	Яндекс	5.00	8	\N	2025-08-08 17:56:24.513862+00	2025-08-08 17:56:24.513958+00	1	1	Супермаркеты
9	Яндекс	20.00	8	\N	2025-08-08 17:57:12.783607+00	2025-08-08 17:57:12.783621+00	4	1	Такси
10	ВТБ	5.00	8	\N	2025-08-08 17:57:42.892831+00	2025-08-08 17:57:42.892849+00	3	1	
11	ВТБ	5.00	8	\N	2025-08-08 17:57:59.886605+00	2025-08-08 17:57:59.886624+00	7	1	
17	Яндекс	20.00	9	\N	2025-09-02 08:30:03.885209+00	2025-09-02 08:30:03.885226+00	4	1	
18	Т-Банк	3.00	9	\N	2025-09-02 08:30:16.592489+00	2025-09-02 08:30:16.592512+00	3	1	
19	Яндекс	5.00	9	\N	2025-09-04 09:13:11.009899+00	2025-09-04 09:13:11.009965+00	2	1	
32	Альфа-Банк	7.00	9	\N	2025-09-22 12:16:28.040767+00	2025-09-22 12:16:28.04078+00	8	1	
33	Альфа-Банк	1.00	9	\N	2025-09-22 12:16:36.739636+00	2025-09-22 12:16:36.739653+00	\N	1	
31	Альфа-Банк	7.00	9	\N	2025-09-22 12:16:00.159829+00	2025-09-22 12:16:49.229318+00	9	1	
34	Альфа-Банк	7.00	9	\N	2025-09-22 12:17:06.861235+00	2025-09-22 12:17:06.861254+00	5	1	Запчасти
35	ВТБ	4.00	9	\N	2025-09-22 12:17:57.740353+00	2025-09-22 12:17:57.740413+00	10	1	
\.


--
-- Data for Name: expenses_category; Type: TABLE DATA; Schema: public; Owner: batman
--

COPY public.expenses_category (id, name, icon, is_active, created_at, updated_at, profile_id, name_ru, name_en, original_language, is_translatable) FROM stdin;
48	👔 Одежда и обувь	👔	t	2025-08-09 16:51:34.600008+00	2025-09-08 19:14:15.739905+00	5	Одежда и обувь	Clothes and Shoes	ru	t
49	🎭 Развлечения	🎭	t	2025-08-09 16:51:34.60002+00	2025-09-08 19:14:15.741743+00	5	Развлечения	Entertainment	ru	t
50	📚 Образование	📚	t	2025-08-09 16:51:34.600031+00	2025-09-08 19:14:15.742897+00	5	Образование	Education	ru	t
51	🎁 Подарки	🎁	t	2025-08-09 16:51:34.600042+00	2025-09-08 19:14:15.744068+00	5	Подарки	Gifts	ru	t
52	✈ Путешествия	✈	t	2025-08-09 16:51:34.600053+00	2025-09-08 19:14:15.745271+00	5	Путешествия	Travel	ru	t
53	👪 Родственники	👪	t	2025-08-09 16:51:34.600071+00	2025-09-08 19:14:15.746383+00	5	Родственники	Relatives	ru	t
54	📱 Коммунальные услуги и подписки	📱	t	2025-08-09 16:51:34.600082+00	2025-09-08 19:14:15.747527+00	5	Коммунальные услуги и подписки	Utilities and Subscriptions	ru	t
55	💰 Прочие расходы	💰	t	2025-08-09 16:51:34.600094+00	2025-09-08 19:14:15.748637+00	5	Прочие расходы	Other Expenses	ru	t
56	🛒 Продукты	🛒	t	2025-08-09 18:06:01.787224+00	2025-09-08 19:14:15.749734+00	6	Продукты	Products	ru	t
57	🍽 Кафе и рестораны	🍽	t	2025-08-09 18:06:01.787249+00	2025-09-08 19:14:15.750913+00	6	Кафе и рестораны	Cafes and Restaurants	ru	t
59	🚕 Транспорт	🚕	t	2025-08-09 18:06:01.787274+00	2025-09-08 19:14:15.753058+00	6	Транспорт	Transport	ru	t
60	🚗 Автомобиль	🚗	t	2025-08-09 18:06:01.787286+00	2025-09-08 19:14:15.754279+00	6	Автомобиль	Car	ru	t
61	🏠 Жилье	🏠	t	2025-08-09 18:06:01.787299+00	2025-09-08 19:14:15.755457+00	6	Жилье	Housing	ru	t
62	💊 Аптеки	💊	t	2025-08-09 18:06:01.787311+00	2025-09-08 19:14:15.756617+00	6	Аптеки	Pharmacies	ru	t
63	🏥 Медицина	🏥	t	2025-08-09 18:06:01.787323+00	2025-09-08 19:14:15.757696+00	6	Медицина	Medicine	ru	t
64	💄 Красота	💄	t	2025-08-09 18:06:01.787335+00	2025-09-08 19:14:15.758768+00	6	Красота	Beauty	ru	t
65	🏃 Спорт и фитнес	🏃	t	2025-08-09 18:06:01.787352+00	2025-09-08 19:14:15.75993+00	6	Спорт и фитнес	Sports and Fitness	ru	t
66	👔 Одежда и обувь	👔	t	2025-08-09 18:06:01.787371+00	2025-09-08 19:14:15.761169+00	6	Одежда и обувь	Clothes and Shoes	ru	t
67	🎭 Развлечения	🎭	t	2025-08-09 18:06:01.78739+00	2025-09-08 19:14:15.762252+00	6	Развлечения	Entertainment	ru	t
68	📚 Образование	📚	t	2025-08-09 18:06:01.787408+00	2025-09-08 19:14:15.763321+00	6	Образование	Education	ru	t
69	🎁 Подарки	🎁	t	2025-08-09 18:06:01.78742+00	2025-09-08 19:14:15.764429+00	6	Подарки	Gifts	ru	t
70	✈ Путешествия	✈	t	2025-08-09 18:06:01.787431+00	2025-09-08 19:14:15.765529+00	6	Путешествия	Travel	ru	t
71	👪 Родственники	👪	t	2025-08-09 18:06:01.787452+00	2025-09-08 19:14:15.766735+00	6	Родственники	Relatives	ru	t
72	📱 Коммунальные услуги и подписки	📱	t	2025-08-09 18:06:01.787463+00	2025-09-08 19:14:15.767868+00	6	Коммунальные услуги и подписки	Utilities and Subscriptions	ru	t
73	💰 Прочие расходы	💰	t	2025-08-09 18:06:01.787475+00	2025-09-08 19:14:15.768987+00	6	Прочие расходы	Other Expenses	ru	t
74	🛒 Продукты	🛒	t	2025-08-09 18:54:53.623722+00	2025-09-08 19:14:15.770117+00	7	Продукты	Products	ru	t
75	🍽 Кафе и рестораны	🍽	t	2025-08-09 18:54:53.623754+00	2025-09-08 19:14:15.771339+00	7	Кафе и рестораны	Cafes and Restaurants	ru	t
76	⛽ АЗС	⛽	t	2025-08-09 18:54:53.62377+00	2025-09-08 19:14:15.772691+00	7	АЗС	Gas Stations	ru	t
77	🚕 Транспорт	🚕	t	2025-08-09 18:54:53.623786+00	2025-09-08 19:14:15.773803+00	7	Транспорт	Transport	ru	t
78	🚗 Автомобиль	🚗	t	2025-08-09 18:54:53.623802+00	2025-09-08 19:14:15.775165+00	7	Автомобиль	Car	ru	t
79	🏠 Жилье	🏠	t	2025-08-09 18:54:53.623816+00	2025-09-08 19:14:15.77642+00	7	Жилье	Housing	ru	t
80	💊 Аптеки	💊	t	2025-08-09 18:54:53.623833+00	2025-09-08 19:14:15.777776+00	7	Аптеки	Pharmacies	ru	t
81	🏥 Медицина	🏥	t	2025-08-09 18:54:53.623847+00	2025-09-08 19:14:15.778835+00	7	Медицина	Medicine	ru	t
82	💄 Красота	💄	t	2025-08-09 18:54:53.623862+00	2025-09-08 19:14:15.780118+00	7	Красота	Beauty	ru	t
83	🏃 Спорт и фитнес	🏃	t	2025-08-09 18:54:53.623878+00	2025-09-08 19:14:15.781495+00	7	Спорт и фитнес	Sports and Fitness	ru	t
84	👔 Одежда и обувь	👔	t	2025-08-09 18:54:53.623904+00	2025-09-08 19:14:15.782746+00	7	Одежда и обувь	Clothes and Shoes	ru	t
85	🎭 Развлечения	🎭	t	2025-08-09 18:54:53.623919+00	2025-09-08 19:14:15.784093+00	7	Развлечения	Entertainment	ru	t
86	📚 Образование	📚	t	2025-08-09 18:54:53.623942+00	2025-09-08 19:14:15.785397+00	7	Образование	Education	ru	t
87	🎁 Подарки	🎁	t	2025-08-09 18:54:53.623957+00	2025-09-08 19:14:15.786593+00	7	Подарки	Gifts	ru	t
88	✈ Путешествия	✈	t	2025-08-09 18:54:53.623972+00	2025-09-08 19:14:15.787807+00	7	Путешествия	Travel	ru	t
348	🛒 Продукты		t	2025-09-20 17:41:09.843655+00	2025-09-20 17:41:09.843669+00	130	\N	\N	ru	t
349	🍽️ Кафе и рестораны		t	2025-09-20 17:41:09.843684+00	2025-09-20 17:41:09.843688+00	130	\N	\N	ru	t
350	⛽ АЗС		t	2025-09-20 17:41:09.843702+00	2025-09-20 17:41:09.843706+00	130	\N	\N	ru	t
351	🚕 Транспорт		t	2025-09-20 17:41:09.843719+00	2025-09-20 17:41:09.843723+00	130	\N	\N	ru	t
3	⛽ АЗС	⛽	t	2025-08-08 13:50:19.890915+00	2025-09-26 10:04:28.298063+00	1	АЗС	Gas Stations	ru	t
4	🚕 Транспорт	🚕	t	2025-08-08 13:50:19.890936+00	2025-09-26 10:04:28.302039+00	1	Транспорт	Transport	ru	t
5	🚗 Автомобиль	🚗	t	2025-08-08 13:50:19.890956+00	2025-09-26 10:04:28.305178+00	1	Автомобиль	Car	ru	t
6	🏠 Жилье	🏠	t	2025-08-08 13:50:19.890977+00	2025-09-26 10:04:28.308144+00	1	Жилье	Housing	ru	t
7	💊 Аптеки	💊	t	2025-08-08 13:50:19.890996+00	2025-09-26 10:04:28.311201+00	1	Аптеки	Pharmacies	ru	t
8	🏥 Медицина	🏥	t	2025-08-08 13:50:19.891016+00	2025-09-26 10:04:28.314078+00	1	Медицина	Medicine	ru	t
9	💄 Красота	💄	t	2025-08-08 13:50:19.891034+00	2025-09-26 10:04:28.317174+00	1	Красота	Beauty	ru	t
10	🏃 Спорт и фитнес	🏃	t	2025-08-08 13:50:19.891054+00	2025-09-26 10:04:28.320087+00	1	Спорт и фитнес	Sports and Fitness	ru	t
11	👔 Одежда и обувь	👔	t	2025-08-08 13:50:19.891072+00	2025-09-26 10:04:28.323088+00	1	Одежда и обувь	Clothes and Shoes	ru	t
12	🎭 Развлечения	🎭	t	2025-08-08 13:50:19.89109+00	2025-09-26 10:04:28.327305+00	1	Развлечения	Entertainment	ru	t
14	🎁 Подарки	🎁	t	2025-08-08 13:50:19.89113+00	2025-09-26 10:04:28.330195+00	1	Подарки	Gifts	ru	t
16	👪 Родственники	👪	t	2025-08-08 13:50:19.891168+00	2025-09-26 10:04:28.333123+00	1	Родственники	Relatives	ru	t
1	🛒 Продукты	🛒	t	2025-08-08 13:50:19.890845+00	2025-09-26 10:04:28.293125+00	1	Продукты	Products	ru	t
89	👪 Родственники	👪	t	2025-08-09 18:54:53.623986+00	2025-09-08 19:14:15.808623+00	7	Родственники	Relatives	ru	t
90	📱 Коммунальные услуги и подписки	📱	t	2025-08-09 18:54:53.624001+00	2025-09-08 19:14:15.809832+00	7	Коммунальные услуги и подписки	Utilities and Subscriptions	ru	t
91	💰 Прочие расходы	💰	t	2025-08-09 18:54:53.624015+00	2025-09-08 19:14:15.811069+00	7	Прочие расходы	Other Expenses	ru	t
92	🛒 Продукты	🛒	t	2025-08-09 19:50:24.396403+00	2025-09-08 19:14:15.812318+00	8	Продукты	Products	ru	t
93	🍽 Кафе и рестораны	🍽	t	2025-08-09 19:50:24.396423+00	2025-09-08 19:14:15.81345+00	8	Кафе и рестораны	Cafes and Restaurants	ru	t
94	⛽ АЗС	⛽	t	2025-08-09 19:50:24.396435+00	2025-09-08 19:14:15.81467+00	8	АЗС	Gas Stations	ru	t
95	🚕 Транспорт	🚕	t	2025-08-09 19:50:24.396455+00	2025-09-08 19:14:15.815839+00	8	Транспорт	Transport	ru	t
96	🚗 Автомобиль	🚗	t	2025-08-09 19:50:24.396468+00	2025-09-08 19:14:15.817044+00	8	Автомобиль	Car	ru	t
97	🏠 Жилье	🏠	t	2025-08-09 19:50:24.39648+00	2025-09-08 19:14:15.8182+00	8	Жилье	Housing	ru	t
98	💊 Аптеки	💊	t	2025-08-09 19:50:24.396492+00	2025-09-08 19:14:15.819328+00	8	Аптеки	Pharmacies	ru	t
99	🏥 Медицина	🏥	t	2025-08-09 19:50:24.396504+00	2025-09-08 19:14:15.82049+00	8	Медицина	Medicine	ru	t
100	💄 Красота	💄	t	2025-08-09 19:50:24.396521+00	2025-09-08 19:14:15.821706+00	8	Красота	Beauty	ru	t
101	🏃 Спорт и фитнес	🏃	t	2025-08-09 19:50:24.396532+00	2025-09-08 19:14:15.822875+00	8	Спорт и фитнес	Sports and Fitness	ru	t
102	👔 Одежда и обувь	👔	t	2025-08-09 19:50:24.396548+00	2025-09-08 19:14:15.823986+00	8	Одежда и обувь	Clothes and Shoes	ru	t
103	🎭 Развлечения	🎭	t	2025-08-09 19:50:24.396575+00	2025-09-08 19:14:15.825154+00	8	Развлечения	Entertainment	ru	t
104	📚 Образование	📚	t	2025-08-09 19:50:24.396591+00	2025-09-08 19:14:15.826354+00	8	Образование	Education	ru	t
105	🎁 Подарки	🎁	t	2025-08-09 19:50:24.396608+00	2025-09-08 19:14:15.827553+00	8	Подарки	Gifts	ru	t
106	✈ Путешествия	✈	t	2025-08-09 19:50:24.396627+00	2025-09-08 19:14:15.828704+00	8	Путешествия	Travel	ru	t
107	👪 Родственники	👪	t	2025-08-09 19:50:24.396659+00	2025-09-08 19:14:15.829868+00	8	Родственники	Relatives	ru	t
108	📱 Коммунальные услуги и подписки	📱	t	2025-08-09 19:50:24.396677+00	2025-09-08 19:14:15.830977+00	8	Коммунальные услуги и подписки	Utilities and Subscriptions	ru	t
109	💰 Прочие расходы	💰	t	2025-08-09 19:50:24.396694+00	2025-09-08 19:14:15.83221+00	8	Прочие расходы	Other Expenses	ru	t
128	🛒 Продукты	🛒	t	2025-08-09 20:05:11.788577+00	2025-09-08 19:14:15.856912+00	10	Продукты	Products	ru	t
129	🍽 Кафе и рестораны	🍽	t	2025-08-09 20:05:11.788604+00	2025-09-08 19:14:15.858274+00	10	Кафе и рестораны	Cafes and Restaurants	ru	t
130	⛽ АЗС	⛽	t	2025-08-09 20:05:11.788618+00	2025-09-08 19:14:15.859553+00	10	АЗС	Gas Stations	ru	t
131	🚕 Транспорт	🚕	t	2025-08-09 20:05:11.78863+00	2025-09-08 19:14:15.860837+00	10	Транспорт	Transport	ru	t
132	🚗 Автомобиль	🚗	t	2025-08-09 20:05:11.788642+00	2025-09-08 19:14:15.862209+00	10	Автомобиль	Car	ru	t
133	🏠 Жилье	🏠	t	2025-08-09 20:05:11.788655+00	2025-09-08 19:14:15.863474+00	10	Жилье	Housing	ru	t
134	💊 Аптеки	💊	t	2025-08-09 20:05:11.788668+00	2025-09-08 19:14:15.864779+00	10	Аптеки	Pharmacies	ru	t
135	🏥 Медицина	🏥	t	2025-08-09 20:05:11.788679+00	2025-09-08 19:14:15.866083+00	10	Медицина	Medicine	ru	t
136	💄 Красота	💄	t	2025-08-09 20:05:11.788691+00	2025-09-08 19:14:15.867358+00	10	Красота	Beauty	ru	t
137	🏃 Спорт и фитнес	🏃	t	2025-08-09 20:05:11.788807+00	2025-09-08 19:14:15.868548+00	10	Спорт и фитнес	Sports and Fitness	ru	t
138	👔 Одежда и обувь	👔	t	2025-08-09 20:05:11.788829+00	2025-09-08 19:14:15.870175+00	10	Одежда и обувь	Clothes and Shoes	ru	t
139	🎭 Развлечения	🎭	t	2025-08-09 20:05:11.788846+00	2025-09-08 19:14:15.871454+00	10	Развлечения	Entertainment	ru	t
140	📚 Образование	📚	t	2025-08-09 20:05:11.788863+00	2025-09-08 19:14:15.872679+00	10	Образование	Education	ru	t
141	🎁 Подарки	🎁	t	2025-08-09 20:05:11.788881+00	2025-09-08 19:14:15.873908+00	10	Подарки	Gifts	ru	t
142	✈ Путешествия	✈	t	2025-08-09 20:05:11.788896+00	2025-09-08 19:14:15.875215+00	10	Путешествия	Travel	ru	t
143	👪 Родственники	👪	t	2025-08-09 20:05:11.788925+00	2025-09-08 19:14:15.876362+00	10	Родственники	Relatives	ru	t
144	📱 Коммунальные услуги и подписки	📱	t	2025-08-09 20:05:11.788945+00	2025-09-08 19:14:15.877632+00	10	Коммунальные услуги и подписки	Utilities and Subscriptions	ru	t
145	💰 Прочие расходы	💰	t	2025-08-09 20:05:11.788959+00	2025-09-08 19:14:15.878864+00	10	Прочие расходы	Other Expenses	ru	t
20	🛒 Продукты	🛒	t	2025-08-09 15:32:35.894722+00	2025-09-08 19:14:15.70344+00	4	Продукты	Products	ru	t
21	🍽 Кафе и рестораны	🍽	t	2025-08-09 15:32:35.89475+00	2025-09-08 19:14:15.704726+00	4	Кафе и рестораны	Cafes and Restaurants	ru	t
22	⛽ АЗС	⛽	t	2025-08-09 15:32:35.894763+00	2025-09-08 19:14:15.706133+00	4	АЗС	Gas Stations	ru	t
23	🚕 Транспорт	🚕	t	2025-08-09 15:32:35.894777+00	2025-09-08 19:14:15.707416+00	4	Транспорт	Transport	ru	t
24	🚗 Автомобиль	🚗	t	2025-08-09 15:32:35.89479+00	2025-09-08 19:14:15.708673+00	4	Автомобиль	Car	ru	t
25	🏠 Жилье	🏠	t	2025-08-09 15:32:35.894803+00	2025-09-08 19:14:15.709818+00	4	Жилье	Housing	ru	t
26	💊 Аптеки	💊	t	2025-08-09 15:32:35.894815+00	2025-09-08 19:14:15.711042+00	4	Аптеки	Pharmacies	ru	t
27	🏥 Медицина	🏥	t	2025-08-09 15:32:35.894827+00	2025-09-08 19:14:15.713734+00	4	Медицина	Medicine	ru	t
28	💄 Красота	💄	t	2025-08-09 15:32:35.894838+00	2025-09-08 19:14:15.715032+00	4	Красота	Beauty	ru	t
29	🏃 Спорт и фитнес	🏃	t	2025-08-09 15:32:35.894866+00	2025-09-08 19:14:15.716312+00	4	Спорт и фитнес	Sports and Fitness	ru	t
30	👔 Одежда и обувь	👔	t	2025-08-09 15:32:35.894884+00	2025-09-08 19:14:15.717685+00	4	Одежда и обувь	Clothes and Shoes	ru	t
31	🎭 Развлечения	🎭	t	2025-08-09 15:32:35.894897+00	2025-09-08 19:14:15.719005+00	4	Развлечения	Entertainment	ru	t
32	📚 Образование	📚	t	2025-08-09 15:32:35.894908+00	2025-09-08 19:14:15.720179+00	4	Образование	Education	ru	t
33	🎁 Подарки	🎁	t	2025-08-09 15:32:35.894919+00	2025-09-08 19:14:15.721409+00	4	Подарки	Gifts	ru	t
34	✈ Путешествия	✈	t	2025-08-09 15:32:35.89493+00	2025-09-08 19:14:15.722569+00	4	Путешествия	Travel	ru	t
35	👪 Родственники	👪	t	2025-08-09 15:32:35.894941+00	2025-09-08 19:14:15.723791+00	4	Родственники	Relatives	ru	t
36	📱 Коммунальные услуги и подписки	📱	t	2025-08-09 15:32:35.894952+00	2025-09-08 19:14:15.724964+00	4	Коммунальные услуги и подписки	Utilities and Subscriptions	ru	t
15	✈ Путешествия	✈	t	2025-08-08 13:50:19.891149+00	2025-09-26 10:04:28.33774+00	1	Путешествия	Travel	ru	t
37	💰 Прочие расходы	💰	t	2025-08-09 15:32:35.894963+00	2025-09-08 19:14:15.726108+00	4	Прочие расходы	Other Expenses	ru	t
38	🛒 Продукты	🛒	t	2025-08-09 16:51:34.599872+00	2025-09-08 19:14:15.727217+00	5	Продукты	Products	ru	t
39	🍽 Кафе и рестораны	🍽	t	2025-08-09 16:51:34.599898+00	2025-09-08 19:14:15.728301+00	5	Кафе и рестораны	Cafes and Restaurants	ru	t
40	⛽ АЗС	⛽	t	2025-08-09 16:51:34.599913+00	2025-09-08 19:14:15.72948+00	5	АЗС	Gas Stations	ru	t
41	🚕 Транспорт	🚕	t	2025-08-09 16:51:34.599926+00	2025-09-08 19:14:15.730656+00	5	Транспорт	Transport	ru	t
42	🚗 Автомобиль	🚗	t	2025-08-09 16:51:34.599938+00	2025-09-08 19:14:15.731828+00	5	Автомобиль	Car	ru	t
43	🏠 Жилье	🏠	t	2025-08-09 16:51:34.599951+00	2025-09-08 19:14:15.732962+00	5	Жилье	Housing	ru	t
44	💊 Аптеки	💊	t	2025-08-09 16:51:34.599962+00	2025-09-08 19:14:15.734032+00	5	Аптеки	Pharmacies	ru	t
45	🏥 Медицина	🏥	t	2025-08-09 16:51:34.599973+00	2025-09-08 19:14:15.735203+00	5	Медицина	Medicine	ru	t
46	💄 Красота	💄	t	2025-08-09 16:51:34.599985+00	2025-09-08 19:14:15.736405+00	5	Красота	Beauty	ru	t
47	🏃 Спорт и фитнес	🏃	t	2025-08-09 16:51:34.599996+00	2025-09-08 19:14:15.737633+00	5	Спорт и фитнес	Sports and Fitness	ru	t
179	🎁 Подарки	🎁	t	2025-08-18 08:38:04.81347+00	2025-09-08 19:14:15.738771+00	13	Подарки	Gifts	ru	t
146	🛒 Продукты	🛒	t	2025-08-09 20:13:45.814974+00	2025-09-08 19:14:15.880053+00	11	Продукты	Products	ru	t
352	🚗 Автомобиль		t	2025-09-20 17:41:09.843736+00	2025-09-20 17:41:09.843739+00	130	\N	\N	ru	t
58	⛽ АЗС	⛽	t	2025-08-09 18:06:01.787262+00	2025-09-08 19:14:15.752011+00	6	АЗС	Gas Stations	ru	t
153	🏥 Медицина	🏥	t	2025-08-09 20:13:45.815095+00	2025-09-08 19:14:15.888698+00	11	Медицина	Medicine	ru	t
147	🍽 Кафе и рестораны	🍽	t	2025-08-09 20:13:45.815012+00	2025-09-08 19:14:15.881348+00	11	Кафе и рестораны	Cafes and Restaurants	ru	t
148	⛽ АЗС	⛽	t	2025-08-09 20:13:45.815025+00	2025-09-08 19:14:15.882569+00	11	АЗС	Gas Stations	ru	t
149	🚕 Транспорт	🚕	t	2025-08-09 20:13:45.815037+00	2025-09-08 19:14:15.883837+00	11	Транспорт	Transport	ru	t
150	🚗 Автомобиль	🚗	t	2025-08-09 20:13:45.815049+00	2025-09-08 19:14:15.885063+00	11	Автомобиль	Car	ru	t
151	🏠 Жилье	🏠	t	2025-08-09 20:13:45.815061+00	2025-09-08 19:14:15.886338+00	11	Жилье	Housing	ru	t
152	💊 Аптеки	💊	t	2025-08-09 20:13:45.815083+00	2025-09-08 19:14:15.887542+00	11	Аптеки	Pharmacies	ru	t
154	💄 Красота	💄	t	2025-08-09 20:13:45.815107+00	2025-09-08 19:14:15.889961+00	11	Красота	Beauty	ru	t
155	🏃 Спорт и фитнес	🏃	t	2025-08-09 20:13:45.81513+00	2025-09-08 19:14:15.89119+00	11	Спорт и фитнес	Sports and Fitness	ru	t
156	👔 Одежда и обувь	👔	t	2025-08-09 20:13:45.815142+00	2025-09-08 19:14:15.89245+00	11	Одежда и обувь	Clothes and Shoes	ru	t
157	🎭 Развлечения	🎭	t	2025-08-09 20:13:45.815154+00	2025-09-08 19:14:15.893668+00	11	Развлечения	Entertainment	ru	t
158	📚 Образование	📚	t	2025-08-09 20:13:45.815167+00	2025-09-08 19:14:15.89485+00	11	Образование	Education	ru	t
159	🎁 Подарки	🎁	t	2025-08-09 20:13:45.815179+00	2025-09-08 19:14:15.896073+00	11	Подарки	Gifts	ru	t
160	✈ Путешествия	✈	t	2025-08-09 20:13:45.81519+00	2025-09-08 19:14:15.897343+00	11	Путешествия	Travel	ru	t
161	👪 Родственники	👪	t	2025-08-09 20:13:45.815202+00	2025-09-08 19:14:15.898587+00	11	Родственники	Relatives	ru	t
162	📱 Коммунальные услуги и подписки	📱	t	2025-08-09 20:13:45.815213+00	2025-09-08 19:14:15.899875+00	11	Коммунальные услуги и подписки	Utilities and Subscriptions	ru	t
163	💰 Прочие расходы	💰	t	2025-08-09 20:13:45.81523+00	2025-09-08 19:14:15.901227+00	11	Прочие расходы	Other Expenses	ru	t
164	👪 Благотворительность	👪	t	2025-08-10 18:51:54.779617+00	2025-09-08 19:14:15.902804+00	1	Благотворительность	Charity	ru	f
165	💻 Мои проекты	💻	t	2025-08-14 19:26:32.219714+00	2025-09-08 19:14:15.904066+00	1	Мои проекты	My projects	ru	f
166	🛒 Продукты	🛒	t	2025-08-18 08:38:04.813282+00	2025-09-08 19:14:15.905389+00	13	Продукты	Products	ru	t
167	🍽 Кафе и рестораны	🍽	t	2025-08-18 08:38:04.813311+00	2025-09-08 19:14:15.906703+00	13	Кафе и рестораны	Cafes and Restaurants	ru	t
168	⛽ АЗС	⛽	t	2025-08-18 08:38:04.813326+00	2025-09-08 19:14:15.907979+00	13	АЗС	Gas Stations	ru	t
169	🚕 Транспорт	🚕	t	2025-08-18 08:38:04.81334+00	2025-09-08 19:14:15.909475+00	13	Транспорт	Transport	ru	t
170	🚗 Автомобиль	🚗	t	2025-08-18 08:38:04.813352+00	2025-09-08 19:14:15.910753+00	13	Автомобиль	Car	ru	t
171	🏠 Жилье	🏠	t	2025-08-18 08:38:04.813366+00	2025-09-08 19:14:15.911956+00	13	Жилье	Housing	ru	t
172	💊 Аптеки	💊	t	2025-08-18 08:38:04.813379+00	2025-09-08 19:14:15.913181+00	13	Аптеки	Pharmacies	ru	t
173	🏥 Медицина	🏥	t	2025-08-18 08:38:04.813391+00	2025-09-08 19:14:15.914326+00	13	Медицина	Medicine	ru	t
174	💄 Красота	💄	t	2025-08-18 08:38:04.813403+00	2025-09-08 19:14:15.915595+00	13	Красота	Beauty	ru	t
175	🏃 Спорт и фитнес	🏃	t	2025-08-18 08:38:04.813415+00	2025-09-08 19:14:15.916937+00	13	Спорт и фитнес	Sports and Fitness	ru	t
176	👔 Одежда и обувь	👔	t	2025-08-18 08:38:04.813427+00	2025-09-08 19:14:15.918205+00	13	Одежда и обувь	Clothes and Shoes	ru	t
177	🎭 Развлечения	🎭	t	2025-08-18 08:38:04.813439+00	2025-09-08 19:14:15.919451+00	13	Развлечения	Entertainment	ru	t
178	📚 Образование	📚	t	2025-08-18 08:38:04.813451+00	2025-09-08 19:14:15.920707+00	13	Образование	Education	ru	t
180	✈ Путешествия	✈	t	2025-08-18 08:38:04.813483+00	2025-09-08 19:14:15.921951+00	13	Путешествия	Travel	ru	t
181	👪 Родственники	👪	t	2025-08-18 08:38:04.813494+00	2025-09-08 19:14:15.923218+00	13	Родственники	Relatives	ru	t
311	💰 Прочие расходы	💰	t	2025-09-19 11:22:47.308147+00	2025-09-19 11:22:47.308164+00	21	Прочие расходы	Other Expenses	ru	t
182	📱 Коммунальные услуги и подписки	📱	t	2025-08-18 08:38:04.813505+00	2025-09-08 19:14:15.924484+00	13	Коммунальные услуги и подписки	Utilities and Subscriptions	ru	t
183	💰 Прочие расходы	💰	t	2025-08-18 08:38:04.813516+00	2025-09-08 19:14:15.925695+00	13	Прочие расходы	Other Expenses	ru	t
184	🛒 Продукты	🛒	t	2025-08-18 11:12:55.594162+00	2025-09-08 19:14:15.926885+00	14	Продукты	Products	ru	t
185	🍽 Кафе и рестораны	🍽	t	2025-08-18 11:12:55.594186+00	2025-09-08 19:14:15.92812+00	14	Кафе и рестораны	Cafes and Restaurants	ru	t
186	⛽ АЗС	⛽	t	2025-08-18 11:12:55.594198+00	2025-09-08 19:14:15.929346+00	14	АЗС	Gas Stations	ru	t
187	🚕 Транспорт	🚕	t	2025-08-18 11:12:55.59421+00	2025-09-08 19:14:15.930906+00	14	Транспорт	Transport	ru	t
188	🚗 Автомобиль	🚗	t	2025-08-18 11:12:55.594222+00	2025-09-08 19:14:15.932501+00	14	Автомобиль	Car	ru	t
189	🏠 Жилье	🏠	t	2025-08-18 11:12:55.594235+00	2025-09-08 19:14:15.93378+00	14	Жилье	Housing	ru	t
190	💊 Аптеки	💊	t	2025-08-18 11:12:55.594247+00	2025-09-08 19:14:15.935063+00	14	Аптеки	Pharmacies	ru	t
191	🏥 Медицина	🏥	t	2025-08-18 11:12:55.594258+00	2025-09-08 19:14:15.93629+00	14	Медицина	Medicine	ru	t
192	💄 Красота	💄	t	2025-08-18 11:12:55.59427+00	2025-09-08 19:14:15.938166+00	14	Красота	Beauty	ru	t
193	🏃 Спорт и фитнес	🏃	t	2025-08-18 11:12:55.594282+00	2025-09-08 19:14:15.939378+00	14	Спорт и фитнес	Sports and Fitness	ru	t
194	👔 Одежда и обувь	👔	t	2025-08-18 11:12:55.594294+00	2025-09-08 19:14:15.940621+00	14	Одежда и обувь	Clothes and Shoes	ru	t
195	🎭 Развлечения	🎭	t	2025-08-18 11:12:55.594305+00	2025-09-08 19:14:15.942012+00	14	Развлечения	Entertainment	ru	t
196	📚 Образование	📚	t	2025-08-18 11:12:55.594317+00	2025-09-08 19:14:15.943296+00	14	Образование	Education	ru	t
197	🎁 Подарки	🎁	t	2025-08-18 11:12:55.594329+00	2025-09-08 19:14:15.944606+00	14	Подарки	Gifts	ru	t
198	✈ Путешествия	✈	t	2025-08-18 11:12:55.59434+00	2025-09-08 19:14:15.945814+00	14	Путешествия	Travel	ru	t
199	👪 Родственники	👪	t	2025-08-18 11:12:55.594352+00	2025-09-08 19:14:15.947088+00	14	Родственники	Relatives	ru	t
200	📱 Коммунальные услуги и подписки	📱	t	2025-08-18 11:12:55.594364+00	2025-09-08 19:14:15.948456+00	14	Коммунальные услуги и подписки	Utilities and Subscriptions	ru	t
201	💰 Прочие расходы	💰	t	2025-08-18 11:12:55.594375+00	2025-09-08 19:14:15.949657+00	14	Прочие расходы	Other Expenses	ru	t
202	🛒 Продукты	🛒	t	2025-08-26 08:17:57.164408+00	2025-09-08 19:14:15.950884+00	15	Продукты	Products	ru	t
203	🍽 Кафе и рестораны	🍽	t	2025-08-26 08:17:57.164607+00	2025-09-08 19:14:15.952213+00	15	Кафе и рестораны	Cafes and Restaurants	ru	t
204	⛽ АЗС	⛽	t	2025-08-26 08:17:57.164621+00	2025-09-08 19:14:15.953532+00	15	АЗС	Gas Stations	ru	t
205	🚕 Транспорт	🚕	t	2025-08-26 08:17:57.164634+00	2025-09-08 19:14:15.954795+00	15	Транспорт	Transport	ru	t
206	🚗 Автомобиль	🚗	t	2025-08-26 08:17:57.164646+00	2025-09-08 19:14:15.95612+00	15	Автомобиль	Car	ru	t
207	🏠 Жилье	🏠	t	2025-08-26 08:17:57.164658+00	2025-09-08 19:14:15.957366+00	15	Жилье	Housing	ru	t
208	💊 Аптеки	💊	t	2025-08-26 08:17:57.16467+00	2025-09-08 19:14:15.958546+00	15	Аптеки	Pharmacies	ru	t
209	🏥 Медицина	🏥	t	2025-08-26 08:17:57.164682+00	2025-09-08 19:14:15.959714+00	15	Медицина	Medicine	ru	t
210	💄 Красота	💄	t	2025-08-26 08:17:57.164694+00	2025-09-08 19:14:15.960981+00	15	Красота	Beauty	ru	t
211	🏃 Спорт и фитнес	🏃	t	2025-08-26 08:17:57.164706+00	2025-09-08 19:14:15.962234+00	15	Спорт и фитнес	Sports and Fitness	ru	t
212	👔 Одежда и обувь	👔	t	2025-08-26 08:17:57.164718+00	2025-09-08 19:14:15.963365+00	15	Одежда и обувь	Clothes and Shoes	ru	t
213	🎭 Развлечения	🎭	t	2025-08-26 08:17:57.16473+00	2025-09-08 19:14:15.964551+00	15	Развлечения	Entertainment	ru	t
214	📚 Образование	📚	t	2025-08-26 08:17:57.164742+00	2025-09-08 19:14:15.965785+00	15	Образование	Education	ru	t
215	🎁 Подарки	🎁	t	2025-08-26 08:17:57.164753+00	2025-09-08 19:14:15.966978+00	15	Подарки	Gifts	ru	t
216	✈ Путешествия	✈	t	2025-08-26 08:17:57.164764+00	2025-09-08 19:14:15.968182+00	15	Путешествия	Travel	ru	t
217	👪 Родственники	👪	t	2025-08-26 08:17:57.164776+00	2025-09-08 19:14:15.969356+00	15	Родственники	Relatives	ru	t
218	📱 Коммунальные услуги и подписки	📱	t	2025-08-26 08:17:57.164798+00	2025-09-08 19:14:15.970567+00	15	Коммунальные услуги и подписки	Utilities and Subscriptions	ru	t
219	💰 Прочие расходы	💰	t	2025-08-26 08:17:57.16481+00	2025-09-08 19:14:15.971722+00	15	Прочие расходы	Other Expenses	ru	t
220	🦩 🦩 Delivery Club	🦩	t	2025-09-02 08:26:57.386219+00	2025-09-08 19:14:15.972935+00	1	\N	🦩 Delivery Club	en	f
353	🏠 Жилье		t	2025-09-20 17:41:09.843751+00	2025-09-20 17:41:09.843756+00	130	\N	\N	ru	t
354	💊 Аптеки		t	2025-09-20 17:41:09.843774+00	2025-09-20 17:41:09.843779+00	130	\N	\N	ru	t
355	🏥 Медицина		t	2025-09-20 17:41:09.843799+00	2025-09-20 17:41:09.843805+00	130	\N	\N	ru	t
356	💄 Красота		t	2025-09-20 17:41:09.843824+00	2025-09-20 17:41:09.84383+00	130	\N	\N	ru	t
357	🏃 Спорт и фитнес		t	2025-09-20 17:41:09.843844+00	2025-09-20 17:41:09.843848+00	130	\N	\N	ru	t
358	👔 Одежда и обувь		t	2025-09-20 17:41:09.84386+00	2025-09-20 17:41:09.843864+00	130	\N	\N	ru	t
359	🎭 Развлечения		t	2025-09-20 17:41:09.843876+00	2025-09-20 17:41:09.843879+00	130	\N	\N	ru	t
360	📚 Образование		t	2025-09-20 17:41:09.843891+00	2025-09-20 17:41:09.843894+00	130	\N	\N	ru	t
361	🎁 Подарки		t	2025-09-20 17:41:09.843906+00	2025-09-20 17:41:09.84391+00	130	\N	\N	ru	t
362	✈️ Путешествия		t	2025-09-20 17:41:09.843922+00	2025-09-20 17:41:09.843925+00	130	\N	\N	ru	t
363	👪 Родственники		t	2025-09-20 17:41:09.843938+00	2025-09-20 17:41:09.843941+00	130	\N	\N	ru	t
364	📱 Коммунальные услуги и подписки		t	2025-09-20 17:41:09.843952+00	2025-09-20 17:41:09.843956+00	130	\N	\N	ru	t
365	💰 Прочие расходы		t	2025-09-20 17:41:09.843968+00	2025-09-20 17:41:09.843971+00	130	\N	\N	ru	t
420	🛒 Продукты		t	2025-09-24 13:39:58.979461+00	2025-09-24 13:39:58.979477+00	134	\N	\N	ru	t
421	🍽️ Кафе и рестораны		t	2025-09-24 13:39:58.979496+00	2025-09-24 13:39:58.979502+00	134	\N	\N	ru	t
422	⛽ АЗС		t	2025-09-24 13:39:58.979521+00	2025-09-24 13:39:58.979526+00	134	\N	\N	ru	t
423	🚕 Транспорт		t	2025-09-24 13:39:58.979545+00	2025-09-24 13:39:58.97955+00	134	\N	\N	ru	t
424	🚗 Автомобиль		t	2025-09-24 13:39:58.979562+00	2025-09-24 13:39:58.979566+00	134	\N	\N	ru	t
425	🏠 Жилье		t	2025-09-24 13:39:58.979584+00	2025-09-24 13:39:58.979589+00	134	\N	\N	ru	t
426	💊 Аптеки		t	2025-09-24 13:39:58.979606+00	2025-09-24 13:39:58.979609+00	134	\N	\N	ru	t
427	🏥 Медицина		t	2025-09-24 13:39:58.979621+00	2025-09-24 13:39:58.979624+00	134	\N	\N	ru	t
428	💄 Красота		t	2025-09-24 13:39:58.979636+00	2025-09-24 13:39:58.979639+00	134	\N	\N	ru	t
429	🏃 Спорт и фитнес		t	2025-09-24 13:39:58.97965+00	2025-09-24 13:39:58.979662+00	134	\N	\N	ru	t
384	🛒 Продукты		t	2025-09-23 10:39:19.563306+00	2025-09-23 10:39:19.563321+00	132	\N	\N	ru	t
385	🍽️ Кафе и рестораны		t	2025-09-23 10:39:19.563343+00	2025-09-23 10:39:19.563347+00	132	\N	\N	ru	t
386	⛽ АЗС		t	2025-09-23 10:39:19.56336+00	2025-09-23 10:39:19.563364+00	132	\N	\N	ru	t
387	🚕 Транспорт		t	2025-09-23 10:39:19.563376+00	2025-09-23 10:39:19.56338+00	132	\N	\N	ru	t
388	🚗 Автомобиль		t	2025-09-23 10:39:19.563393+00	2025-09-23 10:39:19.563396+00	132	\N	\N	ru	t
389	🏠 Жилье		t	2025-09-23 10:39:19.563409+00	2025-09-23 10:39:19.563412+00	132	\N	\N	ru	t
390	💊 Аптеки		t	2025-09-23 10:39:19.563424+00	2025-09-23 10:39:19.563427+00	132	\N	\N	ru	t
391	🏥 Медицина		t	2025-09-23 10:39:19.56344+00	2025-09-23 10:39:19.563444+00	132	\N	\N	ru	t
392	💄 Красота		t	2025-09-23 10:39:19.563456+00	2025-09-23 10:39:19.563459+00	132	\N	\N	ru	t
393	🏃 Спорт и фитнес		t	2025-09-23 10:39:19.563472+00	2025-09-23 10:39:19.563475+00	132	\N	\N	ru	t
394	👔 Одежда и обувь		t	2025-09-23 10:39:19.563487+00	2025-09-23 10:39:19.56349+00	132	\N	\N	ru	t
395	🎭 Развлечения		t	2025-09-23 10:39:19.563505+00	2025-09-23 10:39:19.56351+00	132	\N	\N	ru	t
396	📚 Образование		t	2025-09-23 10:39:19.56353+00	2025-09-23 10:39:19.563535+00	132	\N	\N	ru	t
397	🎁 Подарки		t	2025-09-23 10:39:19.563554+00	2025-09-23 10:39:19.563559+00	132	\N	\N	ru	t
398	✈️ Путешествия		t	2025-09-23 10:39:19.563577+00	2025-09-23 10:39:19.563582+00	132	\N	\N	ru	t
399	👪 Родственники		t	2025-09-23 10:39:19.563595+00	2025-09-23 10:39:19.563598+00	132	\N	\N	ru	t
400	📱 Коммунальные услуги и подписки		t	2025-09-23 10:39:19.56361+00	2025-09-23 10:39:19.563613+00	132	\N	\N	ru	t
401	💰 Прочие расходы		t	2025-09-23 10:39:19.563626+00	2025-09-23 10:39:19.563636+00	132	\N	\N	ru	t
430	👔 Одежда и обувь		t	2025-09-24 13:39:58.979673+00	2025-09-24 13:39:58.979677+00	134	\N	\N	ru	t
431	🎭 Развлечения		t	2025-09-24 13:39:58.979688+00	2025-09-24 13:39:58.979691+00	134	\N	\N	ru	t
432	📚 Образование		t	2025-09-24 13:39:58.979702+00	2025-09-24 13:39:58.979706+00	134	\N	\N	ru	t
433	🎁 Подарки		t	2025-09-24 13:39:58.979717+00	2025-09-24 13:39:58.97972+00	134	\N	\N	ru	t
434	✈️ Путешествия		t	2025-09-24 13:39:58.979731+00	2025-09-24 13:39:58.979734+00	134	\N	\N	ru	t
435	👪 Родственники		t	2025-09-24 13:39:58.979745+00	2025-09-24 13:39:58.979749+00	134	\N	\N	ru	t
436	📱 Коммунальные услуги и подписки		t	2025-09-24 13:39:58.97976+00	2025-09-24 13:39:58.979763+00	134	\N	\N	ru	t
437	💰 Прочие расходы		t	2025-09-24 13:39:58.979774+00	2025-09-24 13:39:58.979777+00	134	\N	\N	ru	t
438	🛒 Продукты		t	2025-09-25 19:17:33.243937+00	2025-09-25 19:17:33.243951+00	135	\N	\N	ru	t
439	🍽️ Кафе и рестораны		t	2025-09-25 19:17:33.243966+00	2025-09-25 19:17:33.243971+00	135	\N	\N	ru	t
440	⛽ АЗС		t	2025-09-25 19:17:33.243985+00	2025-09-25 19:17:33.243989+00	135	\N	\N	ru	t
441	🚕 Транспорт		t	2025-09-25 19:17:33.244002+00	2025-09-25 19:17:33.244005+00	135	\N	\N	ru	t
442	🚗 Автомобиль		t	2025-09-25 19:17:33.244018+00	2025-09-25 19:17:33.244021+00	135	\N	\N	ru	t
443	🏠 Жилье		t	2025-09-25 19:17:33.244034+00	2025-09-25 19:17:33.244037+00	135	\N	\N	ru	t
444	💊 Аптеки		t	2025-09-25 19:17:33.24405+00	2025-09-25 19:17:33.244053+00	135	\N	\N	ru	t
445	🏥 Медицина		t	2025-09-25 19:17:33.244066+00	2025-09-25 19:17:33.244069+00	135	\N	\N	ru	t
446	💄 Красота		t	2025-09-25 19:17:33.244081+00	2025-09-25 19:17:33.244084+00	135	\N	\N	ru	t
447	🏃 Спорт и фитнес		t	2025-09-25 19:17:33.244097+00	2025-09-25 19:17:33.2441+00	135	\N	\N	ru	t
448	👔 Одежда и обувь		t	2025-09-25 19:17:33.244112+00	2025-09-25 19:17:33.244115+00	135	\N	\N	ru	t
449	🎭 Развлечения		t	2025-09-25 19:17:33.244127+00	2025-09-25 19:17:33.244131+00	135	\N	\N	ru	t
450	📚 Образование		t	2025-09-25 19:17:33.244142+00	2025-09-25 19:17:33.244145+00	135	\N	\N	ru	t
451	🎁 Подарки		t	2025-09-25 19:17:33.244157+00	2025-09-25 19:17:33.24416+00	135	\N	\N	ru	t
452	✈️ Путешествия		t	2025-09-25 19:17:33.244172+00	2025-09-25 19:17:33.244175+00	135	\N	\N	ru	t
453	👪 Родственники		t	2025-09-25 19:17:33.244186+00	2025-09-25 19:17:33.24419+00	135	\N	\N	ru	t
454	📱 Коммунальные услуги и подписки		t	2025-09-25 19:17:33.244202+00	2025-09-25 19:17:33.244205+00	135	\N	\N	ru	t
455	💰 Прочие расходы		t	2025-09-25 19:17:33.244217+00	2025-09-25 19:17:33.24422+00	135	\N	\N	ru	t
2	🍽 Кафе и рестораны	🍽	t	2025-08-08 13:50:19.89089+00	2025-09-26 10:04:28.340762+00	1	Кафе и рестораны	Cafes and Restaurants	ru	t
17	📱 Коммунальные услуги и подписки	📱	t	2025-08-08 13:50:19.891187+00	2025-09-26 10:04:28.343842+00	1	Коммунальные услуги и подписки	Utilities and Subscriptions	ru	t
18	💰 Прочие расходы	💰	t	2025-08-08 13:50:19.891206+00	2025-09-26 10:04:28.348309+00	1	Прочие расходы	Other Expenses	ru	t
\.


--
-- Data for Name: expenses_category_keyword; Type: TABLE DATA; Schema: public; Owner: batman
--

COPY public.expenses_category_keyword (id, keyword, created_at, category_id, normalized_weight, usage_count, language) FROM stdin;
82	ручки	2025-09-09 07:50:33.972052+00	6	1	0	ru
84	ручка	2025-09-10 05:30:41.130496+00	5	1	0	ru
85	салон	2025-09-10 05:30:41.139555+00	5	1	0	ru
87	столовка	2025-09-12 10:00:13.194384+00	1	1	0	ru
89	шаурма	2025-09-13 12:03:31.81723+00	1	1	0	ru
1	мороженое	2025-08-08 13:51:34.246721+00	1	1	0	ru
2	пятёрочка	2025-08-08 17:48:39.410399+00	1	1	0	ru
4	вкус	2025-08-10 13:22:03.40082+00	128	1	0	ru
5	вилл	2025-08-10 13:22:03.406671+00	128	1	0	ru
6	пекарня	2025-08-10 13:23:07.828261+00	128	1	0	ru
7	вайлдберис	2025-08-10 13:24:12.493628+00	145	1	0	ru
8	фонд	2025-08-10 18:52:00.209683+00	164	1	0	ru
9	помощь	2025-08-10 18:52:00.215292+00	164	1	0	ru
10	пожертвование	2025-08-10 18:52:00.216837+00	164	1	0	ru
11	благотворительность	2025-08-10 18:52:00.218357+00	164	1	0	ru
12	приют	2025-08-10 18:52:00.219816+00	164	1	0	ru
13	волонтерство	2025-08-10 18:52:00.221371+00	164	1	0	ru
14	детский дом	2025-08-10 18:52:00.222736+00	164	1	0	ru
15	хоспис	2025-08-10 18:52:00.224147+00	164	1	0	ru
16	красный крест	2025-08-10 18:52:00.225696+00	164	1	0	ru
17	донат	2025-08-10 18:52:00.227126+00	164	1	0	ru
18	добро	2025-08-10 18:52:00.22846+00	164	1	0	ru
19	взносы	2025-08-10 18:52:00.22995+00	164	1	0	ru
20	помоги	2025-08-10 18:52:00.231544+00	164	1	0	ru
21	неспешник	2025-08-11 09:55:32.014899+00	2	1	0	ru
22	доводчик	2025-08-11 14:37:22.970623+00	5	1	0	ru
23	вода	2025-08-12 12:26:38.103199+00	1	1	0	ru
24	bedoev	2025-08-13 10:30:03.691774+00	2	1	0	en
25	домен	2025-08-14 19:26:39.888085+00	165	1	0	ru
26	хостинг	2025-08-14 19:26:39.892663+00	165	1	0	ru
27	разработка	2025-08-14 19:26:39.894161+00	165	1	0	ru
28	фриланс	2025-08-14 19:26:39.895586+00	165	1	0	ru
29	обучение	2025-08-14 19:26:39.896869+00	165	1	0	ru
30	курсы	2025-08-14 19:26:39.898147+00	165	1	0	ru
31	лицензия	2025-08-14 19:26:39.899548+00	165	1	0	ru
32	софт	2025-08-14 19:26:39.900851+00	165	1	0	ru
33	оборудование	2025-08-14 19:26:39.902033+00	165	1	0	ru
34	инструменты	2025-08-14 19:26:39.903277+00	165	1	0	ru
35	маркетинг	2025-08-14 19:26:39.90478+00	165	1	0	ru
36	реклама	2025-08-14 19:26:39.906214+00	165	1	0	ru
37	подписка	2025-08-14 19:26:39.907649+00	165	1	0	ru
38	коворкинг	2025-08-14 19:26:39.909041+00	165	1	0	ru
39	проект	2025-08-14 19:26:39.910676+00	165	1	0	ru
40	яндекс	2025-08-14 19:26:50.033696+00	165	1	0	ru
41	облако	2025-08-14 19:26:50.044314+00	165	1	0	ru
42	кинезис	2025-08-15 10:09:32.199654+00	8	1	0	ru
43	печник	2025-08-17 17:30:07.162365+00	2	1	0	ru
44	эник	2025-08-19 17:40:58.660034+00	2	1	0	ru
45	беник	2025-08-19 17:40:58.674525+00	2	1	0	ru
46	телевизор	2025-08-22 10:01:45.485395+00	14	1	0	ru
48	приставка	2025-08-22 11:13:55.565279+00	14	1	0	ru
49	маме	2025-08-22 11:13:55.571477+00	14	1	0	ru
50	газировка	2025-08-23 16:54:08.737158+00	1	1	0	ru
51	столовая	2025-08-26 15:21:14.179393+00	21	1	0	ru
52	самса	2025-08-26 15:21:21.607871+00	20	1	0	ru
53	родственники	2025-08-30 15:29:53.881404+00	16	1	0	ru
54	google	2025-09-01 16:17:11.780136+00	165	1	0	en
55	cloud	2025-09-01 16:17:11.790416+00	165	1	0	en
56	оксана	2025-09-01 16:17:55.402754+00	16	1	0	ru
57	google	2025-09-01 16:17:55.408005+00	16	1	0	en
58	интернет	2025-09-01 18:20:33.88891+00	16	1	0	ru
59	родители	2025-09-01 18:20:33.894287+00	16	1	0	ru
60	доставка	2025-09-02 08:27:07.933209+00	220	1	0	ru
61	еда	2025-09-02 08:27:07.938352+00	220	1	0	ru
62	деливери	2025-09-02 08:27:07.940245+00	220	1	0	ru
63	курьер	2025-09-02 08:27:07.941934+00	220	1	0	ru
64	заказ	2025-09-02 08:27:07.943639+00	220	1	0	ru
65	ресторан	2025-09-02 08:27:07.945135+00	220	1	0	ru
66	кафе	2025-09-02 08:27:07.946526+00	220	1	0	ru
67	приложение	2025-09-02 08:27:07.947851+00	220	1	0	ru
68	еда на дом	2025-09-02 08:27:07.949147+00	220	1	0	ru
69	фастфуд	2025-09-02 08:27:07.950385+00	220	1	0	ru
70	суши	2025-09-02 08:27:07.951621+00	220	1	0	ru
71	пицца	2025-09-02 08:27:07.952873+00	220	1	0	ru
72	роллы	2025-09-02 08:27:07.954182+00	220	1	0	ru
73	готовая еда	2025-09-02 08:27:07.955437+00	220	1	0	ru
74	блюда	2025-09-02 08:27:07.956798+00	220	1	0	ru
75	шаурма	2025-09-02 08:27:07.958104+00	220	1	0	ru
76	яндекс	2025-09-02 08:58:39.501163+00	5	1	0	ru
77	доставка	2025-09-02 08:58:39.507193+00	5	1	0	ru
78	наматрасник	2025-09-04 10:55:41.898049+00	16	1	0	ru
79	price	2025-09-05 10:42:45.676159+00	5	1	0	en
80	магазин	2025-09-05 14:09:08.681954+00	178	1	0	ru
81	пицца	2025-09-06 16:33:04.285558+00	2	1	0	ru
83	расход	2025-09-09 16:21:15.452657+00	181	1	0	ru
86	бедоев	2025-09-10 05:53:17.806609+00	2	1	0	ru
88	гоги	2025-09-12 16:43:20.44087+00	2	1	0	ru
90	столовая	2025-09-17 13:38:23.502728+00	1	1	0	ru
91	яндекс	2025-09-20 21:39:09.078469+00	17	1	0	ru
92	подписка	2025-09-20 21:39:09.083664+00	17	1	0	ru
94	какао	2025-09-23 16:46:31.767458+00	2	1	0	ru
\.


--
-- Data for Name: expenses_expense; Type: TABLE DATA; Schema: public; Owner: batman
--

COPY public.expenses_expense (id, amount, description, expense_date, expense_time, receipt_photo, ai_categorized, ai_confidence, created_at, updated_at, category_id, profile_id, currency, cashback_excluded, cashback_amount) FROM stdin;
1	49.00	Мороженое	2025-08-08	16:51:18.568968		f	\N	2025-08-08 13:51:18.569292+00	2025-08-08 13:51:34.169821+00	1	1	RUB	f	0.00
2	49.00	Мороженое	2025-08-08	16:51:41.454893		f	\N	2025-08-08 13:51:41.455143+00	2025-08-08 13:51:41.455155+00	1	1	RUB	f	0.00
3	700.00	Пицца	2025-08-08	17:27:47.190814		f	\N	2025-08-08 14:27:47.191439+00	2025-08-08 14:27:47.191473+00	2	1	RUB	f	0.00
4	120.00	Пятёрочка	2025-08-08	20:48:29.009164		f	\N	2025-08-08 17:48:29.012649+00	2025-08-08 17:48:39.32157+00	1	1	RUB	f	0.00
5	1700.00	Стрижка	2025-08-08	20:49:34.472128		f	\N	2025-08-08 17:49:34.472557+00	2025-08-08 17:49:34.47262+00	9	1	RUB	f	0.00
6	70.00	Мороженое	2025-08-09	03:24:54.111855		f	\N	2025-08-09 00:24:54.112634+00	2025-08-09 00:24:54.112651+00	1	1	RUB	f	0.00
7	70.00	Мороженое	2025-08-09	03:25:31.314855		f	\N	2025-08-09 00:25:31.315041+00	2025-08-09 00:25:31.315052+00	1	1	RUB	f	0.00
8	500.00	Пицца	2025-08-09	10:01:04.59339		f	\N	2025-08-09 07:01:04.593699+00	2025-08-09 07:01:04.593713+00	2	1	RUB	f	0.00
9	500.00	Мтс	2025-08-09	10:01:20.237655		f	\N	2025-08-09 07:01:20.237888+00	2025-08-09 07:01:20.237902+00	17	1	RUB	f	0.00
10	300.00	Колбаса	2025-08-09	10:52:51.491964		f	\N	2025-08-09 07:52:51.492325+00	2025-08-09 07:52:51.492343+00	1	1	RUB	f	0.00
11	60.00	Хлеб	2025-08-09	10:52:59.908302		f	\N	2025-08-09 07:52:59.908498+00	2025-08-09 07:52:59.908509+00	1	1	RUB	f	0.00
12	190.00	Кофе	2025-08-09	12:03:03.863987		f	\N	2025-08-09 09:03:03.864499+00	2025-08-09 09:03:03.864527+00	2	1	RUB	f	0.00
49	50.00	Хлеб	2025-08-12	02:41:33.084735		f	\N	2025-08-11 23:41:33.084913+00	2025-08-11 23:41:33.084924+00	1	1	RUB	f	0.00
16	1500.00	Магнит	2025-08-09	15:56:48.985273		f	\N	2025-08-09 12:56:48.98569+00	2025-08-09 12:56:48.985703+00	1	1	RUB	f	0.00
18	500.00	Магнит	2025-08-09	16:01:03.625768		f	\N	2025-08-09 13:01:03.625973+00	2025-08-09 13:01:03.625987+00	1	1	RUB	f	0.00
19	100.00	Молоко	2025-08-09	18:28:15.343952		f	\N	2025-08-09 15:28:15.344726+00	2025-08-09 15:28:15.344753+00	1	1	RUB	f	0.00
20	500.00	Магнит	2025-08-09	18:32:58.970455		f	\N	2025-08-09 15:32:58.970718+00	2025-08-09 15:32:58.970731+00	20	4	RUB	f	0.00
21	79.00	Пятёрочка	2025-08-09	19:42:55.160458		f	\N	2025-08-09 16:42:55.160766+00	2025-08-09 16:42:55.16078+00	1	1	RUB	f	0.00
22	420.00	Шаурма	2025-08-09	20:25:00.136121		f	\N	2025-08-09 17:25:00.136419+00	2025-08-09 17:25:56.615698+00	1	1	RUB	f	0.00
23	209.00	Теле2	2025-08-09	20:57:20.996329		f	\N	2025-08-09 17:57:20.996934+00	2025-08-09 17:57:20.996972+00	17	1	RUB	f	0.00
24	150.00	Пятёрочка	2025-08-09	22:48:05.951573		f	\N	2025-08-09 19:48:05.952257+00	2025-08-09 19:48:05.952297+00	1	1	RUB	f	0.00
25	232.00	Пятерочка	2025-08-09	23:07:51.239987		f	\N	2025-08-09 20:07:51.240203+00	2025-08-09 20:07:51.240213+00	128	10	RUB	f	0.00
26	149.00	Пятерочка	2025-08-09	23:08:06.741479		f	\N	2025-08-09 20:08:06.741636+00	2025-08-09 20:08:06.741645+00	128	10	RUB	f	0.00
27	480.00	Шаурма	2025-08-09	23:08:20.090803		f	\N	2025-08-09 20:08:20.091025+00	2025-08-09 20:08:20.091037+00	129	10	RUB	f	0.00
28	262.00	Красное белое	2025-08-09	23:08:37.104747		f	\N	2025-08-09 20:08:37.104962+00	2025-08-09 20:08:37.104971+00	128	10	RUB	f	0.00
29	6822.00	Предоплата за номер	2025-08-09	23:14:16.855737		f	\N	2025-08-09 20:14:16.856024+00	2025-08-09 20:14:16.856035+00	133	10	RUB	f	0.00
30	70.00	Мороженое.	2025-08-10	03:16:43.720146		f	\N	2025-08-10 00:16:43.721453+00	2025-08-10 00:16:43.721468+00	1	1	RUB	f	0.00
31	1040.00	Аптека	2025-08-10	13:55:25.518086		f	\N	2025-08-10 10:55:25.518969+00	2025-08-10 10:55:25.519056+00	7	1	RUB	f	0.00
32	4400.00	Дизель	2025-08-10	15:04:42.272367		f	\N	2025-08-10 12:04:42.272936+00	2025-08-10 12:04:42.27298+00	3	1	RUB	f	0.00
33	692.00	Вкус вилл	2025-08-10	16:21:51.358142		f	\N	2025-08-10 13:21:51.358719+00	2025-08-10 13:22:03.299753+00	128	10	RUB	f	0.00
34	1112.00	Красное белое	2025-08-10	16:22:18.107022		f	\N	2025-08-10 13:22:18.107397+00	2025-08-10 13:22:18.107411+00	128	10	RUB	f	0.00
36	373.00	Фрукты	2025-08-10	16:23:02.390289		f	\N	2025-08-10 13:23:02.390547+00	2025-08-10 13:23:02.390565+00	128	10	RUB	f	0.00
35	419.00	Пекарня	2025-08-10	16:22:40.368021		f	\N	2025-08-10 13:22:40.368215+00	2025-08-10 13:23:07.813623+00	128	10	RUB	f	0.00
37	48.00	Вайлдберис	2025-08-10	16:23:44.78089		f	\N	2025-08-10 13:23:44.781054+00	2025-08-10 13:24:12.483083+00	145	10	RUB	f	0.00
38	609.00	Пицца	2025-08-10	21:31:54.751617		f	\N	2025-08-10 18:31:54.752137+00	2025-08-10 18:31:54.752172+00	2	1	RUB	f	0.00
39	790.00	Накормил бомжа	2025-08-10	21:49:49.491531		f	\N	2025-08-10 18:49:49.491982+00	2025-08-10 18:49:49.492019+00	18	1	RUB	f	0.00
40	200.00	Кофе	2025-08-11	06:52:13.845342		f	\N	2025-08-11 03:52:13.845952+00	2025-08-11 03:52:13.845991+00	21	4	RUB	f	0.00
41	1490.00	Неспешник	2025-08-11	12:54:21.273896		f	\N	2025-08-11 09:54:21.274338+00	2025-08-11 09:55:31.984378+00	2	1	RUB	f	0.00
42	18029.00	Доводчик	2025-08-11	17:37:16.832591		f	\N	2025-08-11 14:37:16.833179+00	2025-08-11 14:37:22.955414+00	5	1	RUB	f	0.00
43	49.00	Мороженое	2025-08-11	18:21:23.136592		f	\N	2025-08-11 15:21:23.137084+00	2025-08-11 15:21:23.137118+00	1	1	RUB	f	0.00
44	30.00	Подписка Grok	2025-08-11	18:58:10.441247		f	\N	2025-08-11 15:58:10.441822+00	2025-08-11 15:58:10.441856+00	17	1	USD	f	0.00
46	510.00	Кофе	2025-08-11	19:23:55.048216		f	\N	2025-08-11 16:23:55.048808+00	2025-08-11 16:23:55.048846+00	2	1	RUB	f	0.00
47	420.00	Шаурма	2025-08-11	20:14:47.444035		f	\N	2025-08-11 17:14:47.444679+00	2025-08-11 17:14:47.444719+00	1	1	RUB	f	0.00
48	50.00	Хлеб	2025-08-12	02:41:18.816661		f	\N	2025-08-11 23:41:18.817116+00	2025-08-11 23:41:18.817159+00	1	1	RUB	f	0.00
50	100.00	Молоко	2025-08-12	03:02:52.092788		f	\N	2025-08-12 00:02:52.093255+00	2025-08-12 00:02:52.093275+00	1	1	RUB	f	0.00
51	90.00	Молоко	2025-08-12	03:04:03.375019		f	\N	2025-08-12 00:04:03.375263+00	2025-08-12 00:04:03.375274+00	1	1	RUB	f	0.00
52	80.00	Хлеб	2025-08-12	04:08:00.509334		f	\N	2025-08-12 01:08:00.509609+00	2025-08-12 01:08:00.509619+00	1	1	RUB	f	0.00
53	700.00	Антифриз	2025-08-12	06:58:51.729046		f	\N	2025-08-12 03:58:51.729612+00	2025-08-12 03:58:51.729643+00	24	4	RUB	f	0.00
54	1357.00	Роллы	2025-08-12	11:36:25.481784		f	\N	2025-08-12 08:36:25.482036+00	2025-08-12 08:36:25.482047+00	129	10	RUB	f	0.00
55	21204.00	Оплата за аренду склада	2025-08-12	11:36:56.068599		f	\N	2025-08-12 08:36:56.069116+00	2025-08-12 08:36:56.069205+00	145	10	RUB	f	0.00
56	6400.00	Коммуналка мама	2025-08-12	11:37:13.193963		f	\N	2025-08-12 08:37:13.194253+00	2025-08-12 08:37:13.194263+00	133	10	RUB	f	0.00
57	294.00	Самокат доставка	2025-08-12	11:38:06.323354		f	\N	2025-08-12 08:38:06.323586+00	2025-08-12 08:38:06.323597+00	128	10	RUB	f	0.00
58	123.00	Красное белое	2025-08-12	11:38:33.028392		f	\N	2025-08-12 08:38:33.029036+00	2025-08-12 08:38:33.029067+00	128	10	RUB	f	0.00
59	550.00	Шаурма	2025-08-12	11:38:59.074702		f	\N	2025-08-12 08:38:59.074989+00	2025-08-12 08:38:59.075+00	129	10	RUB	f	0.00
60	522.00	Вкус вилл	2025-08-12	11:39:21.046568		f	\N	2025-08-12 08:39:21.046834+00	2025-08-12 08:39:21.046875+00	128	10	RUB	f	0.00
61	1407.00	Красное белое	2025-08-12	11:39:31.925073		f	\N	2025-08-12 08:39:31.925332+00	2025-08-12 08:39:31.925345+00	128	10	RUB	f	0.00
62	30.00	Вода	2025-08-12	15:26:24.84383		f	\N	2025-08-12 12:26:24.844291+00	2025-08-12 12:26:37.958094+00	1	1	RUB	f	0.00
63	300.00	Автомойка	2025-08-12	16:31:19.222715		f	\N	2025-08-12 13:31:19.223638+00	2025-08-12 13:31:19.2237+00	24	4	RUB	f	0.00
64	520.00	Неспешник	2025-08-12	16:52:15.838913		f	\N	2025-08-12 13:52:15.839446+00	2025-08-12 13:52:15.839479+00	2	1	RUB	f	0.00
65	1000.00	Шато пино	2025-08-12	19:11:27.513912		f	\N	2025-08-12 16:11:27.514691+00	2025-08-12 16:11:27.514741+00	1	1	RUB	f	0.00
66	479.00	Пицца	2025-08-12	20:15:12.049271		f	\N	2025-08-12 17:15:12.049887+00	2025-08-12 17:15:12.049918+00	2	1	RUB	f	0.00
67	150.00	КБ	2025-08-13	00:26:36.628363		f	\N	2025-08-12 21:26:36.629262+00	2025-08-12 21:26:36.629303+00	1	1	RUB	f	0.00
68	2000.00	Оксана	2025-08-13	11:16:54.209853		f	\N	2025-08-13 08:16:54.213289+00	2025-08-13 08:16:54.21332+00	16	1	RUB	f	0.00
69	810.00	Bedoev	2025-08-13	13:29:44.30421		f	\N	2025-08-13 10:29:44.304955+00	2025-08-13 10:30:03.544747+00	2	1	RUB	f	0.00
70	510.00	Кофе	2025-08-13	16:14:00.817203		f	\N	2025-08-13 13:14:00.817901+00	2025-08-13 13:14:00.817941+00	2	1	RUB	f	0.00
71	420.00	Шаурма	2025-08-13	20:23:46.150901		f	\N	2025-08-13 17:23:46.151745+00	2025-08-13 17:23:46.151783+00	1	1	RUB	f	0.00
72	520.00	Неспешник	2025-08-14	16:48:07.93022		f	\N	2025-08-14 13:48:07.930812+00	2025-08-14 13:48:07.930849+00	2	1	RUB	f	0.00
73	3385.00	Лента Деливери	2025-08-14	18:05:47.262792		f	\N	2025-08-14 15:05:47.263418+00	2025-08-14 15:05:47.26346+00	1	1	RUB	f	0.00
74	410.00	Кофе	2025-08-14	19:40:56.810176		f	\N	2025-08-14 16:40:56.810755+00	2025-08-14 16:40:56.810791+00	2	1	RUB	f	0.00
75	100.00	Яндекс облако	2025-08-14	22:25:39.499373		f	\N	2025-08-14 19:25:39.499645+00	2025-08-14 19:26:58.075898+00	165	1	RUB	t	0.00
76	9000.00	Кинезис	2025-08-15	13:09:25.366434		f	\N	2025-08-15 10:09:25.366682+00	2025-08-15 10:09:32.182394+00	8	1	RUB	f	0.00
77	41000.00	Лобовое стекло	2025-08-15	15:55:56.65701		f	\N	2025-08-15 12:55:56.657645+00	2025-08-15 12:55:56.657667+00	5	1	RUB	f	0.00
78	11000.00	Кинезис 02.08.2025	2025-08-02	12:00:00		f	\N	2025-08-15 12:57:36.227214+00	2025-08-15 12:57:36.227227+00	8	1	RUB	f	0.00
109	620.00	Завтрак	2025-08-23	10:18:56.948368		f	\N	2025-08-23 07:18:56.958273+00	2025-08-23 07:18:56.95832+00	2	1	RUB	f	0.00
79	3000.00	Озон	2025-08-15	17:41:24.646634		f	\N	2025-08-15 14:41:24.647349+00	2025-08-15 14:41:43.943091+00	18	1	RUB	t	0.00
80	420.00	Шаурма	2025-08-15	18:50:18.1284		f	\N	2025-08-15 15:50:18.129012+00	2025-08-15 15:50:18.129054+00	1	1	RUB	f	0.00
81	7104.00	Вино	2025-08-15	19:40:21.431849		f	\N	2025-08-15 16:40:21.432529+00	2025-08-15 16:40:21.432571+00	12	1	RUB	f	0.00
82	1280.00	Пинта	2025-08-15	19:45:03.42947		f	\N	2025-08-15 16:45:03.430001+00	2025-08-15 16:45:03.430043+00	2	1	RUB	f	0.00
83	360.00	Хот дог	2025-08-16	19:21:35.425803		f	\N	2025-08-16 16:21:35.426237+00	2025-08-16 16:21:35.42625+00	2	1	RUB	f	0.00
84	5.00	Жвачка	2025-08-16	22:19:52.809628		f	\N	2025-08-16 19:19:52.810266+00	2025-08-16 19:19:52.810287+00	1	1	RUB	f	0.00
85	150.00	Батарейки	2025-08-17	13:19:42.472924		f	\N	2025-08-17 10:19:42.47345+00	2025-08-17 10:19:42.473465+00	18	1	RUB	f	0.00
86	410.00	Кофе	2025-08-17	17:05:16.868275		f	\N	2025-08-17 14:05:16.869105+00	2025-08-17 14:05:16.869117+00	2	1	RUB	f	0.00
88	475.00	Печник	2025-08-17	20:29:58.692007		f	\N	2025-08-17 17:29:58.692594+00	2025-08-17 17:30:07.069399+00	2	1	RUB	f	0.00
89	35.00	Троллейбус	2025-08-17	21:06:06.95495		f	\N	2025-08-17 18:06:06.95569+00	2025-08-17 18:06:06.955728+00	23	4	RUB	f	0.00
90	1853.00	VPN	2025-08-17	22:56:39.987626		f	\N	2025-08-17 19:56:39.988014+00	2025-08-17 19:56:39.988025+00	17	1	RUB	f	0.00
93	420.00	Шаурма	2025-08-18	18:47:42.326477		f	\N	2025-08-18 15:47:42.327331+00	2025-08-18 15:47:42.327394+00	1	1	RUB	f	0.00
94	500.00	Мороженое и молоко	2025-08-18	21:39:36.91415		f	\N	2025-08-18 18:39:36.914981+00	2025-08-18 18:39:36.915018+00	20	4	RUB	f	0.00
95	8500.00	Доводчик	2025-08-19	12:08:30.192475		f	\N	2025-08-19 09:08:30.194056+00	2025-08-19 14:55:13.020777+00	5	1	RUB	t	0.00
96	10000.00	Вовчик 18.08.2025	2025-08-18	12:00:00		f	\N	2025-08-19 10:24:45.117402+00	2025-08-19 14:55:35.455404+00	16	1	RUB	t	0.00
97	600.00	Эник беник	2025-08-19	20:40:31.01248		f	\N	2025-08-19 17:40:31.012986+00	2025-08-19 17:40:58.506121+00	2	1	RUB	t	0.00
98	90.00	Печать	2025-08-20	14:22:18.732586		f	\N	2025-08-20 11:22:18.735127+00	2025-08-20 11:22:18.735163+00	18	1	RUB	f	0.00
99	540.00	Эник	2025-08-20	18:18:43.060304		f	\N	2025-08-20 15:18:43.061231+00	2025-08-20 15:18:43.061282+00	2	1	RUB	f	0.00
100	94.00	Мороженное	2025-08-20	18:18:59.856013		f	\N	2025-08-20 15:18:59.856269+00	2025-08-20 15:19:11.546109+00	1	1	RUB	t	0.00
101	670.00	Пицца	2025-08-20	21:19:43.833448		f	\N	2025-08-20 18:19:43.834104+00	2025-08-20 18:19:43.834142+00	2	1	RUB	f	0.00
102	371.00	Плов	2025-08-21	19:30:44.860902		f	\N	2025-08-21 16:30:44.861563+00	2025-08-21 16:30:44.861603+00	2	1	RUB	f	0.00
103	420.00	Шаурма	2025-08-21	19:47:51.897879		f	\N	2025-08-21 16:47:51.898519+00	2025-08-21 16:47:51.898558+00	1	1	RUB	f	0.00
104	6700.00	Телевизор доставка	2025-08-22	13:01:30.868556		f	\N	2025-08-22 10:01:30.869705+00	2025-08-22 10:01:45.395655+00	14	1	RUB	f	0.00
105	410.00	Кофе	2025-08-22	13:07:35.609493		f	\N	2025-08-22 10:07:35.610128+00	2025-08-22 10:07:35.610172+00	2	1	RUB	f	0.00
106	1500.00	Микрофон Оксане 21.08.2025	2025-08-21	12:00:00		f	\N	2025-08-22 10:30:23.893025+00	2025-08-22 10:30:23.893079+00	18	1	RUB	f	0.00
107	7100.00	Приставка ТВ маме	2025-08-22	14:13:46.993653		f	\N	2025-08-22 11:13:46.994321+00	2025-08-22 11:13:55.548202+00	14	1	RUB	f	0.00
108	150000.00	Телевизор маме	2025-08-22	17:54:29.108112		f	\N	2025-08-22 14:54:29.108957+00	2025-08-22 14:54:42.195644+00	14	1	RUB	t	0.00
110	600.00	Газировка	2025-08-23	19:54:00.130233		f	\N	2025-08-23 16:54:00.131394+00	2025-08-23 16:54:18.371906+00	1	1	RUB	t	0.00
111	190.00	Платная дорога	2025-08-24	10:16:45.149177		f	\N	2025-08-24 07:16:45.14989+00	2025-08-24 07:16:45.149941+00	5	1	RUB	f	0.00
112	500.00	Кофе	2025-08-24	21:50:06.244768		f	\N	2025-08-24 18:50:06.24725+00	2025-08-24 18:50:06.247292+00	2	1	RUB	f	0.00
113	1700.00	Накладки на пороги	2025-08-25	15:08:25.526882		f	\N	2025-08-25 12:08:25.528312+00	2025-08-25 12:08:25.528362+00	5	1	RUB	f	0.00
114	4500.00	Детский мир	2025-08-26	11:20:05.756342		f	\N	2025-08-26 08:20:05.75859+00	2025-08-26 08:20:05.758609+00	217	15	RUB	f	0.00
115	50000.00	Квартира 25.08.2025	2025-08-25	12:00:00		f	\N	2025-08-26 13:11:11.708281+00	2025-08-26 13:11:17.191354+00	6	1	RUB	t	0.00
116	742.00	Суп и пицца	2025-08-26	17:01:47.653405		f	\N	2025-08-26 14:01:47.654474+00	2025-08-26 14:07:56.672061+00	2	1	RUB	f	0.00
117	271.00	Столовая	2025-08-26	18:20:36.941653		f	\N	2025-08-26 15:20:36.9426+00	2025-08-26 15:21:14.07597+00	21	4	RUB	f	0.00
118	200.00	Самса	2025-08-26	18:20:44.226417		f	\N	2025-08-26 15:20:44.226669+00	2025-08-26 15:21:21.594691+00	20	4	RUB	f	0.00
119	990.00	Неспешник	2025-08-27	14:15:08.400487		f	\N	2025-08-27 11:15:08.401515+00	2025-08-27 11:15:08.401561+00	2	1	RUB	f	0.00
120	1500.00	Мойка	2025-08-27	17:39:47.475934		f	\N	2025-08-27 14:39:47.476796+00	2025-08-27 14:39:47.476844+00	5	1	RUB	f	0.00
121	769.00	Эник	2025-08-27	19:54:30.521042		f	\N	2025-08-27 16:54:30.522086+00	2025-08-27 16:54:30.522158+00	2	1	RUB	f	0.00
122	480.00	Борщ	2025-08-28	16:27:44.362191		f	\N	2025-08-28 13:27:44.362682+00	2025-08-28 13:27:44.36271+00	2	1	RUB	f	0.00
123	127.00	Мороженое	2025-08-28	16:30:54.132683		f	\N	2025-08-28 13:30:54.133825+00	2025-08-28 13:30:58.141679+00	1	1	RUB	t	0.00
124	478.00	Алкотека	2025-08-28	20:52:09.668214		f	\N	2025-08-28 17:52:09.66878+00	2025-08-28 17:52:31.817317+00	1	1	RUB	t	0.00
125	460.00	Хот дог	2025-08-28	20:52:52.40873		f	\N	2025-08-28 17:52:52.409068+00	2025-08-28 17:52:52.409083+00	2	1	RUB	f	0.00
126	1700.00	Вкусвилл	2025-08-29	14:12:03.003859		f	\N	2025-08-29 11:12:03.158615+00	2025-08-29 11:12:03.158683+00	1	1	RUB	f	0.00
127	200.00	Сервер	2025-08-29	18:30:43.286283		f	\N	2025-08-29 15:30:43.286768+00	2025-08-29 15:30:43.286828+00	165	1	RUB	f	0.00
128	880.00	Аптека	2025-08-30	17:40:44.828946		f	\N	2025-08-30 14:40:44.834426+00	2025-08-30 14:40:44.834488+00	7	1	RUB	f	0.00
129	6000.00	Кроссовки	2025-08-30	18:12:02.752285		f	\N	2025-08-30 15:12:02.753496+00	2025-08-30 15:12:20.407297+00	11	1	RUB	t	0.00
130	2000.00	Мелочи для дома	2025-08-30	18:12:16.347468		f	\N	2025-08-30 15:12:16.347793+00	2025-08-30 15:12:23.486147+00	6	1	RUB	t	0.00
131	3000.00	Деливери магнит	2025-08-30	18:28:17.591518		f	\N	2025-08-30 15:28:17.592158+00	2025-08-30 15:28:17.592201+00	1	1	RUB	f	0.00
132	6400.00	Коммуналка	2025-08-30	18:28:35.467337		f	\N	2025-08-30 15:28:35.467844+00	2025-08-30 15:28:41.05133+00	6	1	RUB	t	0.00
135	95000.00	Родственники	2025-09-01	16:33:59.287289		f	\N	2025-09-01 13:33:59.293911+00	2025-09-01 13:33:59.293972+00	16	1	RUB	f	0.00
136	1000.00	Google cloud	2025-09-01	19:17:05.398214		f	\N	2025-09-01 16:17:05.398936+00	2025-09-01 16:17:11.672418+00	165	1	RUB	f	0.00
137	8.46	Оксана Google	2025-09-01	19:17:47.703186		f	\N	2025-09-01 16:17:47.70364+00	2025-09-01 16:17:55.387593+00	16	1	EUR	f	0.00
138	900.00	Интернет родители	2025-09-01	21:20:25.83476		f	\N	2025-09-01 18:20:25.835462+00	2025-09-01 18:20:33.865412+00	16	1	RUB	f	0.00
139	259.00	Яндекс доставка	2025-09-02	11:58:33.09862		f	\N	2025-09-02 08:58:33.100915+00	2025-09-02 08:58:39.359946+00	5	1	RUB	f	0.00
140	91000.00	Ноутбук	2025-09-02	13:54:34.707825		f	\N	2025-09-02 10:54:34.708226+00	2025-09-02 10:54:42.426704+00	165	1	RUB	t	0.00
141	75.00	Йогурт	2025-09-02	18:26:21.13562		f	\N	2025-09-02 15:26:21.136211+00	2025-09-02 15:26:21.136249+00	1	1	RUB	f	0.00
142	1035.00	Сервера	2025-09-03	13:29:10.082673		f	\N	2025-09-03 10:29:10.083423+00	2025-09-03 10:29:15.554021+00	165	1	RUB	t	0.00
143	200.00	Чай с сочником	2025-09-03	15:07:49.657554		f	\N	2025-09-03 12:07:49.658327+00	2025-09-03 12:07:49.658369+00	2	1	RUB	f	0.00
144	17960.00	Наматрасник	2025-09-04	13:55:25.006773		f	\N	2025-09-04 10:55:25.007351+00	2025-09-04 10:55:45.848754+00	16	1	RUB	t	0.00
145	260.00	Табрис	2025-09-04	21:39:22.577894		f	\N	2025-09-04 18:39:22.578455+00	2025-09-04 18:39:22.578472+00	1	1	RUB	f	0.00
146	13000.00	Расход	2025-09-04	23:01:20.468654		f	\N	2025-09-04 20:01:20.468929+00	2025-09-04 20:02:59.295642+00	183	13	RUB	f	0.00
147	1800.00	Дорога	2025-09-05	01:31:27.451301		f	\N	2025-09-04 22:31:27.451731+00	2025-09-04 22:31:27.451747+00	169	13	RUB	f	0.00
148	2000.00	Еда	2025-09-05	01:32:05.910808		f	\N	2025-09-04 22:32:05.911147+00	2025-09-04 22:32:05.911164+00	166	13	RUB	f	0.00
149	750.00	Украшения	2025-09-05	01:32:24.89767		f	\N	2025-09-04 22:32:24.89809+00	2025-09-04 22:32:24.898114+00	176	13	RUB	f	0.00
150	5000.00	Десятина	2025-09-05	01:43:34.824886		f	\N	2025-09-04 22:43:34.825265+00	2025-09-04 22:43:34.825285+00	183	13	RUB	f	0.00
151	8000.00	Озон	2025-09-05	01:46:54.474578		f	\N	2025-09-04 22:46:54.474829+00	2025-09-04 22:46:54.474842+00	183	13	RUB	f	0.00
152	150.00	Дорога	2025-09-05	11:27:00.139582		f	\N	2025-09-05 08:27:00.141512+00	2025-09-05 08:27:00.141536+00	169	13	RUB	f	0.00
155	100.00	[Ежемесячный] Тестовый платеж на 5 число	2025-09-05	12:07:39.38703		f	\N	2025-09-05 09:07:39.391622+00	2025-09-05 09:07:39.391662+00	6	1	RUB	f	0.00
156	440.00	Fix price	2025-09-05	13:41:53.672945		f	\N	2025-09-05 10:41:53.673745+00	2025-09-05 10:43:01.71078+00	5	1	RUB	t	0.00
157	200.00	Antropic	2025-09-05	14:43:15.805431		f	\N	2025-09-05 11:43:15.805974+00	2025-09-05 11:43:21.469492+00	165	1	USD	t	0.00
158	3500.00	Футболка	2025-09-05	14:47:27.379772		f	\N	2025-09-05 11:47:27.380326+00	2025-09-05 11:47:31.535486+00	11	1	RUB	t	0.00
160	1500.00	Магазин	2025-09-05	17:08:53.949491		f	\N	2025-09-05 14:08:53.950335+00	2025-09-05 14:09:08.594098+00	178	13	RUB	f	0.00
161	1500.00	Мероприятие	2025-09-05	17:09:32.485082		f	\N	2025-09-05 14:09:32.48557+00	2025-09-05 14:09:32.485605+00	177	13	RUB	f	0.00
168	710.00	Эник	2025-09-07	20:43:33.493476		f	\N	2025-09-07 17:43:33.494206+00	2025-09-07 17:43:33.494261+00	2	1	RUB	f	0.00
163	250.00	Чебурек	2025-09-06	16:08:34.053001		f	\N	2025-09-06 13:08:34.055735+00	2025-09-06 13:08:49.946552+00	2	1	RUB	t	0.00
164	620.00	Пицца	2025-09-06	19:32:55.985794		f	\N	2025-09-06 16:32:55.986521+00	2025-09-06 16:33:04.251373+00	2	1	RUB	f	0.00
165	400.00	Черноморец	2025-09-07	17:32:39.006462		f	\N	2025-09-07 14:32:39.007142+00	2025-09-07 14:32:39.00719+00	12	1	RUB	f	0.00
166	1700.00	Кафе	2025-09-07	17:59:51.541675		f	\N	2025-09-07 14:59:51.542378+00	2025-09-07 14:59:51.542422+00	167	13	RUB	f	0.00
167	100.00	Транспорт	2025-09-07	18:00:01.266461		f	\N	2025-09-07 15:00:01.266749+00	2025-09-07 15:00:01.266764+00	169	13	RUB	f	0.00
169	510.00	Пинта	2025-09-07	22:01:41.689595		f	\N	2025-09-07 19:01:41.690089+00	2025-09-07 19:01:41.690119+00	2	1	RUB	f	0.00
170	1420.00	Эник	2025-09-08	22:15:28.559968		f	\N	2025-09-08 19:15:28.561247+00	2025-09-08 19:15:28.578728+00	2	1	RUB	f	71.00
171	193.00	Сникерс	2025-09-08	22:15:40.25864		f	\N	2025-09-08 19:15:40.258886+00	2025-09-08 19:15:40.271557+00	1	1	RUB	f	1.93
172	119.00	Домен .ru	2025-09-08	22:56:25.03101		f	\N	2025-09-08 19:56:25.032166+00	2025-09-08 19:56:25.06129+00	165	1	RUB	f	1.19
179	1000.00	Расход	2025-09-09	19:20:40.286119		f	\N	2025-09-09 16:20:40.286348+00	2025-09-09 16:21:15.438802+00	181	13	RUB	f	0.00
173	445.00	Письмо	2025-09-09	10:49:35.279932		f	\N	2025-09-09 07:49:35.280274+00	2025-09-09 07:50:05.754958+00	18	1	RUB	f	4.45
182	100.00	Мороженое	2025-09-10	09:22:47.137873		f	\N	2025-09-10 06:22:47.138561+00	2025-09-10 06:22:47.138603+00	21	4	RUB	f	0.00
174	79.00	Ручки	2025-09-09	10:50:21.21384		f	\N	2025-09-09 07:50:21.21407+00	2025-09-09 07:50:33.988385+00	6	1	RUB	f	0.79
175	595.00	Магнит	2025-09-09	11:10:25.302525		f	\N	2025-09-09 08:10:25.303219+00	2025-09-09 13:12:23.647321+00	1	1	RUB	f	5.95
183	50.00	[Ежемесячный] Тестирую	2025-09-10	12:00:00.180993		f	\N	2025-09-10 09:00:00.182394+00	2025-09-10 09:00:00.182432+00	165	1	RUB	f	0.00
176	565.00	Штраф	2025-09-09	18:01:01.900976		f	\N	2025-09-09 15:01:01.901626+00	2025-09-09 15:01:15.530576+00	5	1	RUB	f	39.55
177	1800.00	Транспорт	2025-09-09	19:00:53.127102		f	\N	2025-09-09 16:00:53.127867+00	2025-09-09 16:00:53.127916+00	169	13	RUB	f	0.00
178	1000.00	Еда	2025-09-09	19:01:11.335826		f	\N	2025-09-09 16:01:11.336088+00	2025-09-09 16:01:11.336097+00	166	13	RUB	f	0.00
180	1951.00	Ручка в салон	2025-09-10	08:30:34.473793		f	\N	2025-09-10 05:30:34.474987+00	2025-09-10 05:30:43.942181+00	5	1	RUB	t	136.57
181	720.00	Бедоев	2025-09-10	08:53:10.883909		f	\N	2025-09-10 05:53:10.884364+00	2025-09-10 05:53:17.818191+00	2	1	RUB	f	36.00
185	283.00	Такси	2025-09-10	14:06:09.996939		f	\N	2025-09-10 11:06:09.997717+00	2025-09-10 11:06:10.015184+00	4	1	RUB	f	56.60
186	740.00	Эник	2025-09-10	16:01:06.281254		f	\N	2025-09-10 13:01:06.282369+00	2025-09-10 13:01:06.298899+00	2	1	RUB	f	37.00
188	250.00	Такси	2025-09-10	16:02:14.536121		f	\N	2025-09-10 13:02:14.536478+00	2025-09-10 13:02:14.553898+00	4	1	RUB	f	50.00
187	4000.00	Лобовое стекло замена	2025-09-10	16:01:35.685438		f	\N	2025-09-10 13:01:35.685715+00	2025-09-10 13:01:41.972349+00	5	1	RUB	t	280.00
189	870.00	Эник	2025-09-10	19:33:53.923885		f	\N	2025-09-10 16:33:53.925914+00	2025-09-10 16:33:53.958939+00	2	1	RUB	f	43.50
190	500.00	Косметика	2025-09-11	20:53:30.035342		f	\N	2025-09-11 17:53:30.036286+00	2025-09-11 17:53:30.036338+00	174	13	RUB	f	0.00
191	500.00	Продукты	2025-09-11	20:53:46.275347		f	\N	2025-09-11 17:53:46.275699+00	2025-09-11 17:53:46.275722+00	166	13	RUB	f	0.00
192	70.00	Мороженое	2025-09-11	22:16:00.359601		f	\N	2025-09-11 19:16:00.360324+00	2025-09-11 19:16:00.443386+00	1	1	RUB	f	0.70
193	60.00	Йогурт	2025-09-11	22:16:10.33593		f	\N	2025-09-11 19:16:10.336188+00	2025-09-11 19:16:10.351035+00	1	1	RUB	f	0.60
194	720.00	Бедоев	2025-09-12	09:14:08.115378		f	\N	2025-09-12 06:14:08.116014+00	2025-09-12 06:14:08.132559+00	2	1	RUB	f	36.00
195	830.00	Столовка	2025-09-12	12:59:52.483605		f	\N	2025-09-12 09:59:52.484535+00	2025-09-12 10:00:13.211134+00	1	1	RUB	f	8.30
197	1970.00	Продукты	2025-09-12	22:14:06.745326		f	\N	2025-09-12 19:14:06.745803+00	2025-09-12 19:14:06.745813+00	166	13	RUB	f	0.00
196	1595.00	Гоги	2025-09-12	19:43:13.19316		f	\N	2025-09-12 16:43:13.193997+00	2025-09-12 16:43:20.454791+00	2	1	RUB	f	79.75
199	340.00	Subway	2025-09-13	11:05:36.003071		f	\N	2025-09-13 08:05:36.014072+00	2025-09-13 08:05:36.05321+00	2	1	RUB	f	17.00
222	550.00	Такси	2025-09-13	20:43:33.208196		f	\N	2025-09-13 17:43:33.20857+00	2025-09-13 17:43:33.221696+00	4	1	RUB	f	110.00
223	4500.00	Сервер nb DB 3 месяца	2025-09-15	12:54:49.060311		f	\N	2025-09-15 09:54:49.062832+00	2025-09-15 09:54:49.086556+00	165	1	RUB	f	45.00
213	260.00	Кофе	2025-09-13	11:30:51.022234		f	\N	2025-09-13 08:30:51.022544+00	2025-09-13 08:30:51.041238+00	2	1	RUB	f	13.00
214	400.00	Шаурма	2025-09-13	15:03:22.924116		f	\N	2025-09-13 12:03:22.924922+00	2025-09-13 12:03:31.835709+00	1	1	RUB	f	4.00
216	320.00	Кофе	2025-09-13	16:00:42.291417		f	\N	2025-09-13 13:00:42.291694+00	2025-09-13 13:00:42.30522+00	2	1	RUB	f	16.00
215	550.00	Такси	2025-09-13	16:00:36.469584		f	\N	2025-09-13 13:00:36.470702+00	2025-09-13 13:01:03.724545+00	4	1	RUB	t	110.00
224	30.00	Вода	2025-09-16	13:58:30.36659		f	\N	2025-09-16 10:58:30.367363+00	2025-09-16 10:58:30.367394+00	1	1	RUB	f	0.00
225	620.00	Обед	2025-09-16	16:11:43.516985		f	\N	2025-09-16 13:11:43.517464+00	2025-09-16 13:11:43.531871+00	2	1	RUB	f	31.00
226	355.00	Обед	2025-09-17	14:13:41.197523		f	\N	2025-09-17 11:13:41.1989+00	2025-09-17 11:13:41.212253+00	2	1	RUB	f	17.75
228	502.00	Столовая	2025-09-17	16:38:14.449847		f	\N	2025-09-17 13:38:14.450606+00	2025-09-17 13:38:23.338269+00	1	1	RUB	f	0.00
229	5000.00	СТО	2025-09-17	21:38:13.171838		f	\N	2025-09-17 18:38:13.172329+00	2025-09-17 18:38:13.172345+00	5	1	RUB	f	0.00
230	530.00	Эник	2025-09-17	21:38:31.213442		f	\N	2025-09-17 18:38:31.213757+00	2025-09-17 18:38:31.227082+00	2	1	RUB	f	26.50
231	900.00	Неспешник	2025-09-18	11:49:50.112337		f	\N	2025-09-18 08:49:50.113673+00	2025-09-18 08:49:50.130841+00	2	1	RUB	f	45.00
232	16000.00	Кинезис	2025-09-18	14:51:22.046418		f	\N	2025-09-18 11:51:22.047159+00	2025-09-18 11:51:22.077117+00	8	1	RUB	f	1120.00
233	700.00	Столовка	2025-09-18	15:57:47.707394		f	\N	2025-09-18 12:57:47.70815+00	2025-09-18 12:57:47.708196+00	1	1	RUB	f	0.00
235	601.00	Столовая	2025-09-19	18:57:40.323136		f	\N	2025-09-19 15:57:40.323828+00	2025-09-19 15:57:40.323866+00	1	1	RUB	f	0.00
237	2200.00	Подписка телеграмм KZT	2025-09-20	12:35:51.613625		f	\N	2025-09-20 09:35:51.614068+00	2025-09-20 09:36:04.746472+00	165	1	RUB	f	0.00
238	30.00	Вода	2025-09-20	16:36:07.592308		f	\N	2025-09-20 13:36:07.593483+00	2025-09-20 13:36:07.593494+00	1	1	RUB	f	0.00
241	760.00	Харатс	2025-09-20	19:11:26.783057		f	\N	2025-09-20 16:11:26.783444+00	2025-09-20 16:11:26.799831+00	2	1	RUB	f	38.00
242	253.00	Эник	2025-09-20	20:04:56.105343		f	\N	2025-09-20 17:04:56.106039+00	2025-09-20 17:04:56.12089+00	2	1	RUB	f	12.65
254	240.00	- найду	2025-09-23	21:47:16.494254		f	\N	2025-09-23 18:47:16.494568+00	2025-09-23 18:47:16.494578+00	401	132	RUB	f	0.00
244	253.00	Эник	2025-09-20	21:25:39.8491		f	\N	2025-09-20 18:25:39.84973+00	2025-09-20 18:25:39.864052+00	2	1	RUB	f	12.65
245	2800.00	Яндекс подписка на год	2025-09-21	00:39:01.247471		f	\N	2025-09-20 21:39:01.248117+00	2025-09-20 21:39:08.999885+00	17	1	RUB	f	0.00
249	300.00	Эник	2025-09-22	17:46:18.134853		f	\N	2025-09-22 14:46:18.136118+00	2025-09-22 14:46:18.15797+00	2	1	RUB	f	15.00
250	1130.00	Эник	2025-09-23	15:57:43.992545		f	\N	2025-09-23 12:57:43.993851+00	2025-09-23 12:57:44.010837+00	2	1	RUB	f	56.50
251	200.00	Мойка авто	2025-09-23	16:28:06.783951		f	\N	2025-09-23 13:28:06.784664+00	2025-09-23 13:28:12.067807+00	5	1	RUB	t	14.00
255	810.00	Эник	2025-09-24	16:53:24.261749		f	\N	2025-09-24 13:53:24.264588+00	2025-09-24 13:53:24.281104+00	2	1	RUB	f	40.50
252	510.00	Какао	2025-09-23	19:46:19.84946		f	\N	2025-09-23 16:46:19.849808+00	2025-09-23 16:46:31.780245+00	2	1	RUB	f	25.50
253	600.00	- на еду	2025-09-23	21:47:00.714842		f	\N	2025-09-23 18:47:00.715119+00	2025-09-23 18:47:00.71513+00	401	132	RUB	f	0.00
268	230.00	Кофе	2025-09-26	16:28:42.954931		f	\N	2025-09-26 13:28:42.955718+00	2025-09-26 13:28:42.971051+00	2	1	RUB	f	11.50
269	890.00	Неспешник	2025-09-27	10:56:48.673736		f	\N	2025-09-27 07:56:48.674665+00	2025-09-27 07:56:48.693758+00	2	1	RUB	f	44.50
270	483.00	Буфет	2025-09-27	16:09:27.667631		f	\N	2025-09-27 13:09:27.667988+00	2025-09-27 13:09:27.684365+00	2	1	RUB	f	24.15
271	2600.00	Магнит	2025-09-27	17:38:47.92057		f	\N	2025-09-27 14:38:47.921715+00	2025-09-27 14:38:47.93959+00	1	1	RUB	f	26.00
259	40000.00	[Ежемесячный] Рассрочка	2025-09-25	12:00:00.110336		f	\N	2025-09-25 09:00:00.113002+00	2025-09-25 09:00:00.113057+00	133	10	RUB	f	0.00
260	50000.00	[Ежемесячный] Квартира	2025-09-25	12:00:00.120364		f	\N	2025-09-25 09:00:00.120653+00	2025-09-25 09:00:00.120661+00	6	1	RUB	f	0.00
267	664.00	Буфет	2025-09-26	15:23:01.806416		f	\N	2025-09-26 12:23:01.806807+00	2025-09-26 12:23:01.82178+00	2	1	RUB	f	33.20
\.


--
-- Data for Name: expenses_income_category_keyword; Type: TABLE DATA; Schema: public; Owner: batman
--

COPY public.expenses_income_category_keyword (id, keyword, usage_count, normalized_weight, created_at, category_id) FROM stdin;
\.


--
-- Data for Name: expenses_recurring_payment; Type: TABLE DATA; Schema: public; Owner: batman
--

COPY public.expenses_recurring_payment (id, amount, currency, description, day_of_month, is_active, last_processed, created_at, updated_at, profile_id, expense_category_id, income_category_id, operation_type) FROM stdin;
2	95000.00	RUB	Родственники	1	t	\N	2025-08-09 12:55:20.977043+00	2025-09-04 17:45:03.702588+00	1	16	\N	expense
5	40000.00	RUB	🎉 Подарки	1	t	\N	2025-09-09 16:28:43.897803+00	2025-09-09 16:28:43.897862+00	13	\N	109	income
3	40000.00	RUB	Рассрочка	25	t	2025-09-25	2025-08-09 20:06:57.214966+00	2025-09-25 09:00:00.118261+00	10	133	\N	expense
1	50000.00	RUB	Квартира	25	t	2025-09-25	2025-08-09 12:54:21.590487+00	2025-09-25 09:00:00.121263+00	1	6	\N	expense
\.


--
-- Data for Name: family_invites; Type: TABLE DATA; Schema: public; Owner: batman
--

COPY public.family_invites (id, token, created_at, expires_at, is_active, household_id, inviter_id, used_at, used_by_id) FROM stdin;
1	TFlXd3a0VFvnRzAIArE1hBdrU7EMtmg2OCHhqabWsCM	2025-09-17 11:12:42.362292+00	2025-09-19 11:12:42.361967+00	f	1	1	2025-09-17 11:13:10.615936+00	\N
\.


--
-- Data for Name: households; Type: TABLE DATA; Schema: public; Owner: batman
--

COPY public.households (id, created_at, name, creator_id, is_active, max_members) FROM stdin;
1	2025-09-17 11:12:36.807196+00	Тестовая	1	f	5
\.


--
-- Data for Name: incomes_category; Type: TABLE DATA; Schema: public; Owner: batman
--

COPY public.incomes_category (id, name, icon, is_active, is_default, created_at, updated_at, profile_id, name_ru, name_en, original_language, is_translatable) FROM stdin;
22	🎁 Премии и бонусы	🎁	t	f	2025-09-04 15:25:54.638591+00	2025-09-08 19:14:16.008901+00	11	Премии и бонусы	\N	ru	f
24	📈 Инвестиции	📈	t	f	2025-09-04 15:25:54.63863+00	2025-09-08 19:14:16.012537+00	11	Инвестиции	Investments	ru	t
25	🏦 Проценты по вкладам	🏦	t	f	2025-09-04 15:25:54.638649+00	2025-09-08 19:14:16.013719+00	11	Проценты по вкладам	\N	ru	f
26	🏠 Аренда недвижимости	🏠	t	f	2025-09-04 15:25:54.638669+00	2025-09-08 19:14:16.014893+00	11	Аренда недвижимости	\N	ru	f
27	💸 Возвраты и компенсации	💸	t	f	2025-09-04 15:25:54.638688+00	2025-09-08 19:14:16.01606+00	11	Возвраты и компенсации	\N	ru	f
28	💳 Кешбэк	💳	t	f	2025-09-04 15:25:54.638708+00	2025-09-08 19:14:16.017271+00	11	Кешбэк	\N	ru	f
29	🎉 Подарки	🎉	t	f	2025-09-04 15:25:54.638727+00	2025-09-08 19:14:16.018435+00	11	Подарки	Gifts	ru	t
30	💰 Прочие доходы	💰	t	f	2025-09-04 15:25:54.638747+00	2025-09-08 19:14:16.019636+00	11	Прочие доходы	Other Income	ru	t
31	💼 Зарплата	💼	t	f	2025-09-04 15:25:54.650252+00	2025-09-08 19:14:16.0209+00	10	Зарплата	Salary	ru	t
32	🎁 Премии и бонусы	🎁	t	f	2025-09-04 15:25:54.650281+00	2025-09-08 19:14:16.022218+00	10	Премии и бонусы	\N	ru	f
33	💻 Фриланс	💻	t	f	2025-09-04 15:25:54.650295+00	2025-09-08 19:14:16.023506+00	10	Фриланс	Freelance	ru	t
34	📈 Инвестиции	📈	t	f	2025-09-04 15:25:54.650308+00	2025-09-08 19:14:16.024873+00	10	Инвестиции	Investments	ru	t
35	🏦 Проценты по вкладам	🏦	t	f	2025-09-04 15:25:54.650321+00	2025-09-08 19:14:16.026199+00	10	Проценты по вкладам	\N	ru	f
36	🏠 Аренда недвижимости	🏠	t	f	2025-09-04 15:25:54.650333+00	2025-09-08 19:14:16.027407+00	10	Аренда недвижимости	\N	ru	f
37	💸 Возвраты и компенсации	💸	t	f	2025-09-04 15:25:54.650346+00	2025-09-08 19:14:16.028758+00	10	Возвраты и компенсации	\N	ru	f
38	💳 Кешбэк	💳	t	f	2025-09-04 15:25:54.65036+00	2025-09-08 19:14:16.030177+00	10	Кешбэк	\N	ru	f
39	🎉 Подарки	🎉	t	f	2025-09-04 15:25:54.650391+00	2025-09-08 19:14:16.031471+00	10	Подарки	Gifts	ru	t
40	💰 Прочие доходы	💰	t	f	2025-09-04 15:25:54.650414+00	2025-09-08 19:14:16.03274+00	10	Прочие доходы	Other Income	ru	t
51	💼 Зарплата	💼	t	f	2025-09-04 15:25:54.654712+00	2025-09-08 19:14:16.047309+00	8	Зарплата	Salary	ru	t
52	🎁 Премии и бонусы	🎁	t	f	2025-09-04 15:25:54.654738+00	2025-09-08 19:14:16.049741+00	8	Премии и бонусы	\N	ru	f
53	💻 Фриланс	💻	t	f	2025-09-04 15:25:54.654759+00	2025-09-08 19:14:16.051521+00	8	Фриланс	Freelance	ru	t
54	📈 Инвестиции	📈	t	f	2025-09-04 15:25:54.654779+00	2025-09-08 19:14:16.053275+00	8	Инвестиции	Investments	ru	t
55	🏦 Проценты по вкладам	🏦	t	f	2025-09-04 15:25:54.654798+00	2025-09-08 19:14:16.054909+00	8	Проценты по вкладам	\N	ru	f
56	🏠 Аренда недвижимости	🏠	t	f	2025-09-04 15:25:54.654812+00	2025-09-08 19:14:16.056666+00	8	Аренда недвижимости	\N	ru	f
57	💸 Возвраты и компенсации	💸	t	f	2025-09-04 15:25:54.654841+00	2025-09-08 19:14:16.05828+00	8	Возвраты и компенсации	\N	ru	f
58	💳 Кешбэк	💳	t	f	2025-09-04 15:25:54.654854+00	2025-09-08 19:14:16.059879+00	8	Кешбэк	\N	ru	f
59	🎉 Подарки	🎉	t	f	2025-09-04 15:25:54.654884+00	2025-09-08 19:14:16.061516+00	8	Подарки	Gifts	ru	t
60	💰 Прочие доходы	💰	t	f	2025-09-04 15:25:54.654905+00	2025-09-08 19:14:16.063095+00	8	Прочие доходы	Other Income	ru	t
61	💼 Зарплата	💼	t	f	2025-09-04 15:25:54.657075+00	2025-09-08 19:14:16.064749+00	7	Зарплата	Salary	ru	t
62	🎁 Премии и бонусы	🎁	t	f	2025-09-04 15:25:54.657108+00	2025-09-08 19:14:16.066403+00	7	Премии и бонусы	\N	ru	f
63	💻 Фриланс	💻	t	f	2025-09-04 15:25:54.65713+00	2025-09-08 19:14:16.06799+00	7	Фриланс	Freelance	ru	t
64	📈 Инвестиции	📈	t	f	2025-09-04 15:25:54.657146+00	2025-09-08 19:14:16.069768+00	7	Инвестиции	Investments	ru	t
65	🏦 Проценты по вкладам	🏦	t	f	2025-09-04 15:25:54.657159+00	2025-09-08 19:14:16.071385+00	7	Проценты по вкладам	\N	ru	f
66	🏠 Аренда недвижимости	🏠	t	f	2025-09-04 15:25:54.657173+00	2025-09-08 19:14:16.073056+00	7	Аренда недвижимости	\N	ru	f
67	💸 Возвраты и компенсации	💸	t	f	2025-09-04 15:25:54.657186+00	2025-09-08 19:14:16.074664+00	7	Возвраты и компенсации	\N	ru	f
68	💳 Кешбэк	💳	t	f	2025-09-04 15:25:54.6572+00	2025-09-08 19:14:16.076171+00	7	Кешбэк	\N	ru	f
69	🎉 Подарки	🎉	t	f	2025-09-04 15:25:54.657213+00	2025-09-08 19:14:16.077797+00	7	Подарки	Gifts	ru	t
70	💰 Прочие доходы	💰	t	f	2025-09-04 15:25:54.657226+00	2025-09-08 19:14:16.079516+00	7	Прочие доходы	Other Income	ru	t
71	💼 Зарплата	💼	t	f	2025-09-04 15:25:54.65944+00	2025-09-08 19:14:16.08115+00	6	Зарплата	Salary	ru	t
72	🎁 Премии и бонусы	🎁	t	f	2025-09-04 15:25:54.659477+00	2025-09-08 19:14:16.082733+00	6	Премии и бонусы	\N	ru	f
73	💻 Фриланс	💻	t	f	2025-09-04 15:25:54.659492+00	2025-09-08 19:14:16.084291+00	6	Фриланс	Freelance	ru	t
74	📈 Инвестиции	📈	t	f	2025-09-04 15:25:54.659523+00	2025-09-08 19:14:16.08588+00	6	Инвестиции	Investments	ru	t
75	🏦 Проценты по вкладам	🏦	t	f	2025-09-04 15:25:54.659537+00	2025-09-08 19:14:16.08744+00	6	Проценты по вкладам	\N	ru	f
76	🏠 Аренда недвижимости	🏠	t	f	2025-09-04 15:25:54.65955+00	2025-09-08 19:14:16.089007+00	6	Аренда недвижимости	\N	ru	f
80	💰 Прочие доходы	💰	t	f	2025-09-04 15:25:54.659603+00	2025-09-08 19:14:16.095329+00	6	Прочие доходы	Other Income	ru	t
1	💼 Зарплата	💼	t	f	2025-09-04 15:25:54.632874+00	2025-09-08 19:14:15.981459+00	4	Зарплата	Salary	ru	t
2	🎁 Премии и бонусы	🎁	t	f	2025-09-04 15:25:54.632932+00	2025-09-08 19:14:15.983533+00	4	Премии и бонусы	\N	ru	f
3	💻 Фриланс	💻	t	f	2025-09-04 15:25:54.632954+00	2025-09-08 19:14:15.984904+00	4	Фриланс	Freelance	ru	t
4	📈 Инвестиции	📈	t	f	2025-09-04 15:25:54.632971+00	2025-09-08 19:14:15.986141+00	4	Инвестиции	Investments	ru	t
5	🏦 Проценты по вкладам	🏦	t	f	2025-09-04 15:25:54.63299+00	2025-09-08 19:14:15.987283+00	4	Проценты по вкладам	\N	ru	f
6	🏠 Аренда недвижимости	🏠	t	f	2025-09-04 15:25:54.633004+00	2025-09-08 19:14:15.98843+00	4	Аренда недвижимости	\N	ru	f
7	💸 Возвраты и компенсации	💸	t	f	2025-09-04 15:25:54.633017+00	2025-09-08 19:14:15.989598+00	4	Возвраты и компенсации	\N	ru	f
8	💳 Кешбэк	💳	t	f	2025-09-04 15:25:54.633031+00	2025-09-08 19:14:15.99076+00	4	Кешбэк	\N	ru	f
9	🎉 Подарки	🎉	t	f	2025-09-04 15:25:54.633045+00	2025-09-08 19:14:15.991925+00	4	Подарки	Gifts	ru	t
10	💰 Прочие доходы	💰	t	f	2025-09-04 15:25:54.633058+00	2025-09-08 19:14:15.993114+00	4	Прочие доходы	Other Income	ru	t
11	💼 Зарплата	💼	t	f	2025-09-04 15:25:54.636+00	2025-09-08 19:14:15.994265+00	12	Зарплата	Salary	ru	t
12	🎁 Премии и бонусы	🎁	t	f	2025-09-04 15:25:54.636029+00	2025-09-08 19:14:15.995385+00	12	Премии и бонусы	\N	ru	f
13	💻 Фриланс	💻	t	f	2025-09-04 15:25:54.636043+00	2025-09-08 19:14:15.996607+00	12	Фриланс	Freelance	ru	t
14	📈 Инвестиции	📈	t	f	2025-09-04 15:25:54.636057+00	2025-09-08 19:14:15.997809+00	12	Инвестиции	Investments	ru	t
15	🏦 Проценты по вкладам	🏦	t	f	2025-09-04 15:25:54.63607+00	2025-09-08 19:14:15.999007+00	12	Проценты по вкладам	\N	ru	f
16	🏠 Аренда недвижимости	🏠	t	f	2025-09-04 15:25:54.636082+00	2025-09-08 19:14:16.000207+00	12	Аренда недвижимости	\N	ru	f
17	💸 Возвраты и компенсации	💸	t	f	2025-09-04 15:25:54.636095+00	2025-09-08 19:14:16.001568+00	12	Возвраты и компенсации	\N	ru	f
18	💳 Кешбэк	💳	t	f	2025-09-04 15:25:54.636108+00	2025-09-08 19:14:16.003028+00	12	Кешбэк	\N	ru	f
19	🎉 Подарки	🎉	t	f	2025-09-04 15:25:54.636121+00	2025-09-08 19:14:16.005097+00	12	Подарки	Gifts	ru	t
20	💰 Прочие доходы	💰	t	f	2025-09-04 15:25:54.636133+00	2025-09-08 19:14:16.006406+00	12	Прочие доходы	Other Income	ru	t
21	💼 Зарплата	💼	t	f	2025-09-04 15:25:54.638559+00	2025-09-08 19:14:16.0076+00	11	Зарплата	Salary	ru	t
81	💼 Зарплата	💼	t	f	2025-09-04 15:25:54.662097+00	2025-09-08 19:14:16.097064+00	5	Зарплата	Salary	ru	t
82	🎁 Премии и бонусы	🎁	t	f	2025-09-04 15:25:54.662123+00	2025-09-08 19:14:16.09873+00	5	Премии и бонусы	\N	ru	f
83	💻 Фриланс	💻	t	f	2025-09-04 15:25:54.662137+00	2025-09-08 19:14:16.100337+00	5	Фриланс	Freelance	ru	t
84	📈 Инвестиции	📈	t	f	2025-09-04 15:25:54.662155+00	2025-09-08 19:14:16.101876+00	5	Инвестиции	Investments	ru	t
85	🏦 Проценты по вкладам	🏦	t	f	2025-09-04 15:25:54.662172+00	2025-09-08 19:14:16.103363+00	5	Проценты по вкладам	\N	ru	f
86	🏠 Аренда недвижимости	🏠	t	f	2025-09-04 15:25:54.66219+00	2025-09-08 19:14:16.10543+00	5	Аренда недвижимости	\N	ru	f
87	💸 Возвраты и компенсации	💸	t	f	2025-09-04 15:25:54.662209+00	2025-09-08 19:14:16.107017+00	5	Возвраты и компенсации	\N	ru	f
88	💳 Кешбэк	💳	t	f	2025-09-04 15:25:54.662227+00	2025-09-08 19:14:16.108891+00	5	Кешбэк	\N	ru	f
89	🎉 Подарки	🎉	t	f	2025-09-04 15:25:54.662241+00	2025-09-08 19:14:16.110626+00	5	Подарки	Gifts	ru	t
90	💰 Прочие доходы	💰	t	f	2025-09-04 15:25:54.662258+00	2025-09-08 19:14:16.111973+00	5	Прочие доходы	Other Income	ru	t
91	💼 Зарплата	💼	t	f	2025-09-04 15:25:54.670359+00	2025-09-08 19:14:16.113322+00	14	Зарплата	Salary	ru	t
92	🎁 Премии и бонусы	🎁	t	f	2025-09-04 15:25:54.670391+00	2025-09-08 19:14:16.114653+00	14	Премии и бонусы	\N	ru	f
93	💻 Фриланс	💻	t	f	2025-09-04 15:25:54.670405+00	2025-09-08 19:14:16.115973+00	14	Фриланс	Freelance	ru	t
94	📈 Инвестиции	📈	t	f	2025-09-04 15:25:54.670418+00	2025-09-08 19:14:16.117356+00	14	Инвестиции	Investments	ru	t
23	💻 Фриланс	💻	t	f	2025-09-04 15:25:54.638611+00	2025-09-08 19:14:16.011274+00	11	Фриланс	Freelance	ru	t
77	💸 Возвраты и компенсации	💸	t	f	2025-09-04 15:25:54.659563+00	2025-09-08 19:14:16.090591+00	6	Возвраты и компенсации	\N	ru	f
78	💳 Кешбэк	💳	t	f	2025-09-04 15:25:54.659575+00	2025-09-08 19:14:16.092112+00	6	Кешбэк	\N	ru	f
79	🎉 Подарки	🎉	t	f	2025-09-04 15:25:54.659587+00	2025-09-08 19:14:16.093645+00	6	Подарки	Gifts	ru	t
95	🏦 Проценты по вкладам	🏦	t	f	2025-09-04 15:25:54.670434+00	2025-09-08 19:14:16.118616+00	14	Проценты по вкладам	\N	ru	f
96	🏠 Аренда недвижимости	🏠	t	f	2025-09-04 15:25:54.670453+00	2025-09-08 19:14:16.12012+00	14	Аренда недвижимости	\N	ru	f
97	💸 Возвраты и компенсации	💸	t	f	2025-09-04 15:25:54.670468+00	2025-09-08 19:14:16.121466+00	14	Возвраты и компенсации	\N	ru	f
98	💳 Кешбэк	💳	t	f	2025-09-04 15:25:54.670481+00	2025-09-08 19:14:16.122772+00	14	Кешбэк	\N	ru	f
99	🎉 Подарки	🎉	t	f	2025-09-04 15:25:54.670512+00	2025-09-08 19:14:16.124228+00	14	Подарки	Gifts	ru	t
100	💰 Прочие доходы	💰	t	f	2025-09-04 15:25:54.670527+00	2025-09-08 19:14:16.126998+00	14	Прочие доходы	Other Income	ru	t
101	💼 Зарплата	💼	t	f	2025-09-04 15:25:54.673566+00	2025-09-08 19:14:16.12843+00	13	Зарплата	Salary	ru	t
102	🎁 Премии и бонусы	🎁	t	f	2025-09-04 15:25:54.6736+00	2025-09-08 19:14:16.129862+00	13	Премии и бонусы	\N	ru	f
103	💻 Фриланс	💻	t	f	2025-09-04 15:25:54.673616+00	2025-09-08 19:14:16.131302+00	13	Фриланс	Freelance	ru	t
104	📈 Инвестиции	📈	t	f	2025-09-04 15:25:54.67363+00	2025-09-08 19:14:16.132718+00	13	Инвестиции	Investments	ru	t
105	🏦 Проценты по вкладам	🏦	t	f	2025-09-04 15:25:54.673646+00	2025-09-08 19:14:16.134107+00	13	Проценты по вкладам	\N	ru	f
106	🏠 Аренда недвижимости	🏠	t	f	2025-09-04 15:25:54.673662+00	2025-09-08 19:14:16.135763+00	13	Аренда недвижимости	\N	ru	f
107	💸 Возвраты и компенсации	💸	t	f	2025-09-04 15:25:54.673675+00	2025-09-08 19:14:16.137256+00	13	Возвраты и компенсации	\N	ru	f
108	💳 Кешбэк	💳	t	f	2025-09-04 15:25:54.673688+00	2025-09-08 19:14:16.138681+00	13	Кешбэк	\N	ru	f
109	🎉 Подарки	🎉	t	f	2025-09-04 15:25:54.6737+00	2025-09-08 19:14:16.139967+00	13	Подарки	Gifts	ru	t
110	💰 Прочие доходы	💰	t	f	2025-09-04 15:25:54.673713+00	2025-09-08 19:14:16.141377+00	13	Прочие доходы	Other Income	ru	t
111	💼 Зарплата	💼	t	f	2025-09-04 15:25:54.676232+00	2025-09-08 19:14:16.142669+00	15	Зарплата	Salary	ru	t
112	🎁 Премии и бонусы	🎁	t	f	2025-09-04 15:25:54.67626+00	2025-09-08 19:14:16.143998+00	15	Премии и бонусы	\N	ru	f
113	💻 Фриланс	💻	t	f	2025-09-04 15:25:54.676273+00	2025-09-08 19:14:16.14526+00	15	Фриланс	Freelance	ru	t
114	📈 Инвестиции	📈	t	f	2025-09-04 15:25:54.676286+00	2025-09-08 19:14:16.146579+00	15	Инвестиции	Investments	ru	t
115	🏦 Проценты по вкладам	🏦	t	f	2025-09-04 15:25:54.676299+00	2025-09-08 19:14:16.147856+00	15	Проценты по вкладам	\N	ru	f
116	🏠 Аренда недвижимости	🏠	t	f	2025-09-04 15:25:54.676311+00	2025-09-08 19:14:16.149151+00	15	Аренда недвижимости	\N	ru	f
117	💸 Возвраты и компенсации	💸	t	f	2025-09-04 15:25:54.676324+00	2025-09-08 19:14:16.1506+00	15	Возвраты и компенсации	\N	ru	f
118	💳 Кешбэк	💳	t	f	2025-09-04 15:25:54.676337+00	2025-09-08 19:14:16.151965+00	15	Кешбэк	\N	ru	f
119	🎉 Подарки	🎉	t	f	2025-09-04 15:25:54.676353+00	2025-09-08 19:14:16.153343+00	15	Подарки	Gifts	ru	t
120	💰 Прочие доходы	💰	t	f	2025-09-04 15:25:54.676366+00	2025-09-08 19:14:16.154653+00	15	Прочие доходы	Other Income	ru	t
121	💼 Зарплата	💼	t	f	2025-09-04 15:25:54.684595+00	2025-09-08 19:14:16.155995+00	1	Зарплата	Salary	ru	t
122	🎁 Премии и бонусы	🎁	t	f	2025-09-04 15:25:54.684626+00	2025-09-08 19:14:16.157388+00	1	Премии и бонусы	\N	ru	f
123	💻 Фриланс	💻	t	f	2025-09-04 15:25:54.68464+00	2025-09-08 19:14:16.158672+00	1	Фриланс	Freelance	ru	t
124	📈 Инвестиции	📈	t	f	2025-09-04 15:25:54.684653+00	2025-09-08 19:14:16.159906+00	1	Инвестиции	Investments	ru	t
125	🏦 Проценты по вкладам	🏦	t	f	2025-09-04 15:25:54.684666+00	2025-09-08 19:14:16.161312+00	1	Проценты по вкладам	\N	ru	f
126	🏠 Аренда недвижимости	🏠	t	f	2025-09-04 15:25:54.68468+00	2025-09-08 19:14:16.16279+00	1	Аренда недвижимости	\N	ru	f
128	💳 Кешбэк	💳	t	f	2025-09-04 15:25:54.684706+00	2025-09-08 19:14:16.164267+00	1	Кешбэк	\N	ru	f
129	🎉 Подарки	🎉	t	f	2025-09-04 15:25:54.684719+00	2025-09-08 19:14:16.165695+00	1	Подарки	Gifts	ru	t
130	💰 Прочие доходы	💰	t	f	2025-09-04 15:25:54.684733+00	2025-09-08 19:14:16.167095+00	1	Прочие доходы	Other Income	ru	t
241	💼 Зарплата	💼	t	f	2025-09-24 13:39:58.995681+00	2025-09-24 13:39:58.995697+00	134	\N	\N	ru	t
242	🎁 Премии и бонусы	🎁	t	f	2025-09-24 13:39:58.995722+00	2025-09-24 13:39:58.995727+00	134	\N	\N	ru	t
243	💻 Фриланс	💻	t	f	2025-09-24 13:39:58.995747+00	2025-09-24 13:39:58.995752+00	134	\N	\N	ru	t
244	📈 Инвестиции	📈	t	f	2025-09-24 13:39:58.99577+00	2025-09-24 13:39:58.995774+00	134	\N	\N	ru	t
245	🏦 Проценты по вкладам	🏦	t	f	2025-09-24 13:39:58.995793+00	2025-09-24 13:39:58.995797+00	134	\N	\N	ru	t
246	🏠 Аренда недвижимости	🏠	t	f	2025-09-24 13:39:58.995816+00	2025-09-24 13:39:58.99582+00	134	\N	\N	ru	t
247	💸 Возвраты и компенсации	💸	t	f	2025-09-24 13:39:58.995838+00	2025-09-24 13:39:58.995842+00	134	\N	\N	ru	t
248	💳 Кешбэк	💳	t	f	2025-09-24 13:39:58.99586+00	2025-09-24 13:39:58.995864+00	134	\N	\N	ru	t
249	🎉 Подарки	🎉	t	f	2025-09-24 13:39:58.995882+00	2025-09-24 13:39:58.995887+00	134	\N	\N	ru	t
250	💰 Прочие доходы	💰	t	f	2025-09-24 13:39:58.995905+00	2025-09-24 13:39:58.995909+00	134	\N	\N	ru	t
251	💼 Зарплата	💼	t	f	2025-09-25 19:17:33.260537+00	2025-09-25 19:17:33.260549+00	135	\N	\N	ru	t
252	🎁 Премии и бонусы	🎁	t	f	2025-09-25 19:17:33.260565+00	2025-09-25 19:17:33.260569+00	135	\N	\N	ru	t
253	💻 Фриланс	💻	t	f	2025-09-25 19:17:33.260582+00	2025-09-25 19:17:33.260586+00	135	\N	\N	ru	t
254	📈 Инвестиции	📈	t	f	2025-09-25 19:17:33.260599+00	2025-09-25 19:17:33.260602+00	135	\N	\N	ru	t
255	🏦 Проценты по вкладам	🏦	t	f	2025-09-25 19:17:33.26062+00	2025-09-25 19:17:33.260624+00	135	\N	\N	ru	t
256	🏠 Аренда недвижимости	🏠	t	f	2025-09-25 19:17:33.260638+00	2025-09-25 19:17:33.260641+00	135	\N	\N	ru	t
257	💸 Возвраты и компенсации	💸	t	f	2025-09-25 19:17:33.260654+00	2025-09-25 19:17:33.260658+00	135	\N	\N	ru	t
258	💳 Кешбэк	💳	t	f	2025-09-25 19:17:33.260671+00	2025-09-25 19:17:33.260674+00	135	\N	\N	ru	t
259	🎉 Подарки	🎉	t	f	2025-09-25 19:17:33.260687+00	2025-09-25 19:17:33.260691+00	135	\N	\N	ru	t
260	💰 Прочие доходы	💰	t	f	2025-09-25 19:17:33.260705+00	2025-09-25 19:17:33.260708+00	135	\N	\N	ru	t
201	💼 Зарплата	💼	t	f	2025-09-20 17:41:09.860659+00	2025-09-20 17:41:09.860671+00	130	\N	\N	ru	t
202	🎁 Премии и бонусы	🎁	t	f	2025-09-20 17:41:09.860687+00	2025-09-20 17:41:09.86069+00	130	\N	\N	ru	t
203	💻 Фриланс	💻	t	f	2025-09-20 17:41:09.860704+00	2025-09-20 17:41:09.860708+00	130	\N	\N	ru	t
204	📈 Инвестиции	📈	t	f	2025-09-20 17:41:09.860721+00	2025-09-20 17:41:09.860724+00	130	\N	\N	ru	t
205	🏦 Проценты по вкладам	🏦	t	f	2025-09-20 17:41:09.860737+00	2025-09-20 17:41:09.86074+00	130	\N	\N	ru	t
206	🏠 Аренда недвижимости	🏠	t	f	2025-09-20 17:41:09.860754+00	2025-09-20 17:41:09.860757+00	130	\N	\N	ru	t
207	💸 Возвраты и компенсации	💸	t	f	2025-09-20 17:41:09.860772+00	2025-09-20 17:41:09.860777+00	130	\N	\N	ru	t
208	💳 Кешбэк	💳	t	f	2025-09-20 17:41:09.860796+00	2025-09-20 17:41:09.860802+00	130	\N	\N	ru	t
209	🎉 Подарки	🎉	t	f	2025-09-20 17:41:09.860823+00	2025-09-20 17:41:09.860828+00	130	\N	\N	ru	t
210	💰 Прочие доходы	💰	t	f	2025-09-20 17:41:09.860844+00	2025-09-20 17:41:09.860848+00	130	\N	\N	ru	t
221	💼 Зарплата	💼	t	f	2025-09-23 10:39:19.593201+00	2025-09-23 10:39:19.593215+00	132	\N	\N	ru	t
222	🎁 Премии и бонусы	🎁	t	f	2025-09-23 10:39:19.593232+00	2025-09-23 10:39:19.593236+00	132	\N	\N	ru	t
223	💻 Фриланс	💻	t	f	2025-09-23 10:39:19.59325+00	2025-09-23 10:39:19.593253+00	132	\N	\N	ru	t
224	📈 Инвестиции	📈	t	f	2025-09-23 10:39:19.593266+00	2025-09-23 10:39:19.593269+00	132	\N	\N	ru	t
225	🏦 Проценты по вкладам	🏦	t	f	2025-09-23 10:39:19.593282+00	2025-09-23 10:39:19.593286+00	132	\N	\N	ru	t
226	🏠 Аренда недвижимости	🏠	t	f	2025-09-23 10:39:19.593299+00	2025-09-23 10:39:19.593302+00	132	\N	\N	ru	t
227	💸 Возвраты и компенсации	💸	t	f	2025-09-23 10:39:19.593315+00	2025-09-23 10:39:19.593319+00	132	\N	\N	ru	t
228	💳 Кешбэк	💳	t	f	2025-09-23 10:39:19.593331+00	2025-09-23 10:39:19.593334+00	132	\N	\N	ru	t
229	🎉 Подарки	🎉	t	f	2025-09-23 10:39:19.593347+00	2025-09-23 10:39:19.59335+00	132	\N	\N	ru	t
230	💰 Прочие доходы	💰	t	f	2025-09-23 10:39:19.593363+00	2025-09-23 10:39:19.593366+00	132	\N	\N	ru	t
\.


--
-- Data for Name: incomes_income; Type: TABLE DATA; Schema: public; Owner: batman
--

COPY public.incomes_income (id, amount, currency, description, income_date, income_time, income_type, is_recurring, recurrence_day, ai_categorized, ai_confidence, created_at, updated_at, category_id, profile_id) FROM stdin;
1	200.00	RUB	Долг	2025-09-04	21:39:42.888463	other	f	\N	f	0.50	2025-09-04 18:39:42.889991+00	2025-09-04 18:39:42.890004+00	130	1
2	40000.00	RUB	Доход	2025-09-04	23:00:52.627708	other	f	\N	f	0.50	2025-09-04 20:00:52.629579+00	2025-09-04 20:00:52.629636+00	110	13
4	5000.00	RUB	Доход	2025-09-05	17:38:25.685337	other	f	\N	f	0.95	2025-09-05 14:38:25.686839+00	2025-09-05 14:38:25.686873+00	110	13
5	1300.00	RUB	ЗП	2025-09-09	19:01:30.210759	salary	f	\N	f	0.80	2025-09-09 16:01:30.212653+00	2025-09-09 16:01:30.212672+00	101	13
7	1000.00	RUB	Потратила на подарок	2025-09-09	19:19:53.452062	gift	f	\N	f	0.80	2025-09-09 16:19:53.453258+00	2025-09-09 16:19:53.453268+00	109	13
8	300.00	RUB	Долг	2025-09-10	12:42:28.387223	other	f	\N	f	0.90	2025-09-10 09:42:28.388455+00	2025-09-10 09:42:28.388465+00	130	1
9	500.00	RUB	Премия	2025-09-08	12:00:00	bonus	f	\N	f	0.80	2025-09-10 09:54:15.147125+00	2025-09-10 09:54:15.147151+00	122	1
11	1300.00	RUB	1300	2025-09-11	19:33:10.931698	other	f	\N	f	0.50	2025-09-11 16:33:10.933061+00	2025-09-11 16:33:18.837738+00	101	13
12	900.00	RUB	Зарплата	2025-09-11	19:33:39.742777	salary	f	\N	f	0.80	2025-09-11 16:33:39.743993+00	2025-09-11 16:33:39.744008+00	101	13
13	1700.00	RUB	Зарплата	2025-09-12	22:13:45.090035	salary	f	\N	f	0.80	2025-09-12 19:13:45.092627+00	2025-09-12 19:13:45.092668+00	101	13
16	60000.00	RUB	60000	2025-09-23	21:46:41.345265	other	f	\N	f	0.50	2025-09-23 18:46:41.346521+00	2025-09-23 18:46:41.346533+00	230	132
\.


--
-- Data for Name: promocode_usages; Type: TABLE DATA; Schema: public; Owner: batman
--

COPY public.promocode_usages (id, used_at, profile_id, promocode_id, subscription_id) FROM stdin;
1	2025-09-24 20:25:50.558475+00	1	2	36
\.


--
-- Data for Name: promocodes; Type: TABLE DATA; Schema: public; Owner: batman
--

COPY public.promocodes (id, code, description, discount_type, discount_value, max_uses, used_count, valid_from, valid_until, is_active, created_at, updated_at, created_by_id, applicable_subscription_types) FROM stdin;
2	COINSFRIENDS		percent	100.00	1000	1	2025-09-24 13:43:46+00	2025-09-30 13:44:46+00	t	2025-09-24 13:44:49.805792+00	2025-09-24 20:25:50.562452+00	\N	month
\.


--
-- Data for Name: subscription_notifications; Type: TABLE DATA; Schema: public; Owner: batman
--

COPY public.subscription_notifications (id, notification_type, sent_at, subscription_id) FROM stdin;
2	one_day	2025-08-15 03:23:30.125347+00	2
3	one_day	2025-08-15 03:23:30.179217+00	3
4	one_day	2025-08-15 03:23:30.225093+00	4
5	one_day	2025-08-15 03:23:30.27252+00	5
6	one_day	2025-08-15 03:23:30.346648+00	6
8	one_day	2025-08-15 03:23:30.46291+00	8
9	one_day	2025-08-15 03:23:30.514308+00	9
10	one_day	2025-08-24 02:34:26.46898+00	20
11	one_day	2025-09-15 08:45:06.096116+00	11
12	one_day	2025-09-23 01:54:14.133314+00	29
\.


--
-- Data for Name: subscriptions; Type: TABLE DATA; Schema: public; Owner: batman
--

COPY public.subscriptions (id, type, payment_method, amount, telegram_payment_charge_id, start_date, end_date, is_active, created_at, updated_at, profile_id, notification_sent) FROM stdin;
2	trial	trial	0	\N	2025-08-09 15:32:35.904052+00	2025-08-16 15:32:35.904013+00	t	2025-08-09 15:32:35.904625+00	2025-08-09 15:32:35.904634+00	4	f
3	trial	trial	0	\N	2025-08-09 16:51:34.607557+00	2025-08-16 16:51:34.607538+00	t	2025-08-09 16:51:34.608078+00	2025-08-09 16:51:34.608083+00	5	f
4	trial	trial	0	\N	2025-08-09 18:06:01.795323+00	2025-08-16 18:06:01.795305+00	t	2025-08-09 18:06:01.795733+00	2025-08-09 18:06:01.79574+00	6	f
5	trial	trial	0	\N	2025-08-09 18:54:53.630781+00	2025-08-16 18:54:53.630755+00	t	2025-08-09 18:54:53.631222+00	2025-08-09 18:54:53.631228+00	7	f
6	trial	trial	0	\N	2025-08-09 19:50:24.402684+00	2025-08-16 19:50:24.402664+00	t	2025-08-09 19:50:24.403038+00	2025-08-09 19:50:24.403044+00	8	f
8	trial	trial	0	\N	2025-08-09 20:05:11.796413+00	2025-08-16 20:05:11.796383+00	t	2025-08-09 20:05:11.796917+00	2025-08-09 20:05:11.796924+00	10	f
9	trial	trial	0	\N	2025-08-09 20:13:45.823443+00	2025-08-16 20:13:45.823419+00	t	2025-08-09 20:13:45.823858+00	2025-08-09 20:13:45.823863+00	11	f
11	month	stars	100	stxrowxkQP9AV0WbmNZ1KFxsopT1JCcStzIxvHpq8_ftKuRRvrjwFZWWABig5NKlrYAlv6p8ZYJYWeT_HdeUUT8tuvtDCh0bAxOquX9MmPBwtk	2025-08-16 15:32:35.904013+00	2025-09-16 15:32:35.904013+00	t	2025-08-10 05:33:06.43771+00	2025-08-10 05:33:06.437716+00	4	f
12	month	stars	0	\N	2025-08-14 14:49:55.193377+00	2025-11-14 14:49:37+00	t	2025-08-14 14:49:55.204965+00	2025-08-14 14:49:55.204974+00	12	f
13	month	stars	0	\N	2025-08-14 14:50:07.56525+00	2025-11-14 14:49:58+00	t	2025-08-14 14:50:07.567901+00	2025-08-14 14:50:07.567908+00	11	f
14	month	stars	0	\N	2025-08-14 14:50:17.66516+00	2025-11-14 14:50:10+00	t	2025-08-14 14:50:17.667916+00	2025-08-14 14:50:17.667921+00	10	f
16	month	stars	0	\N	2025-08-14 14:50:33.219274+00	2025-11-14 14:50:28+00	t	2025-08-14 14:50:33.223636+00	2025-08-14 14:50:33.223642+00	8	f
17	month	stars	0	\N	2025-08-14 14:50:41.965954+00	2025-11-14 14:50:35+00	t	2025-08-14 14:50:41.968794+00	2025-08-14 14:50:41.9688+00	7	f
18	month	stars	0	\N	2025-08-14 14:50:50.24067+00	2025-11-14 14:50:44+00	t	2025-08-14 14:50:50.243857+00	2025-08-14 14:50:50.243865+00	6	f
19	month	stars	0	\N	2025-08-14 14:50:57.596909+00	2025-11-14 14:50:52+00	t	2025-08-14 14:50:57.599703+00	2025-08-14 14:50:57.599709+00	5	f
20	trial	trial	0	\N	2025-08-18 08:38:04.825147+00	2025-08-25 08:38:04.825118+00	t	2025-08-18 08:38:04.825699+00	2025-08-18 08:38:04.825705+00	13	f
21	trial	trial	0	\N	2025-08-18 11:12:55.602022+00	2026-08-25 11:12:55+00	t	2025-08-18 11:12:55.60247+00	2025-08-18 18:07:25.661065+00	14	f
22	month	stars	0	\N	2025-08-18 18:07:25.649031+00	2025-09-18 18:06:56+00	t	2025-08-18 18:07:25.662003+00	2025-08-18 18:07:25.662009+00	14	f
29	month	stars	0	\N	2025-08-24 10:35:44.977111+00	2025-09-24 10:35:25+00	t	2025-08-24 10:35:44.98857+00	2025-08-24 10:35:44.988576+00	13	f
30	trial	trial	0	\N	2025-08-26 08:17:57.182615+00	2025-09-02 08:17:57.182589+00	t	2025-08-26 08:17:57.183593+00	2025-08-26 08:17:57.183604+00	15	f
31	month	stars	0	\N	2025-08-26 09:21:35.495819+00	2026-09-26 09:21:23+00	t	2025-08-26 09:21:35.564136+00	2025-08-26 09:21:55.280216+00	15	f
32	month	stars	0	\N	2025-08-26 09:21:55.250222+00	2025-09-26 09:21:39+00	t	2025-08-26 09:21:55.301902+00	2025-08-26 09:21:55.301911+00	15	f
34	month	stars	0	\N	2025-09-04 22:13:14.217683+00	2025-09-05 22:13:04+00	t	2025-09-04 22:13:14.230796+00	2025-09-05 18:15:04.014433+00	1	f
46	trial	trial	0	\N	2025-09-23 10:39:19.608567+00	2026-09-30 10:39:19+00	t	2025-09-23 10:39:19.609031+00	2025-09-24 13:20:49.277822+00	132	f
44	trial	trial	0	\N	2025-09-20 17:41:09.878825+00	2026-09-27 17:41:09+00	t	2025-09-20 17:41:09.879446+00	2025-09-24 13:21:16.69776+00	130	f
48	trial	trial	0	\N	2025-09-24 13:39:59.010659+00	2025-10-01 13:39:59.010648+00	t	2025-09-24 13:39:59.011173+00	2025-09-24 13:39:59.011178+00	134	f
36	month	stars	0	\N	2025-09-05 18:15:34.097745+00	2025-11-04 18:15:08+00	t	2025-09-05 18:15:34.120085+00	2025-09-24 20:25:50.553577+00	1	f
49	trial	trial	0	\N	2025-09-25 19:17:33.278658+00	2025-10-02 19:17:33.27864+00	t	2025-09-25 19:17:33.279566+00	2025-09-25 19:17:33.279572+00	135	f
\.


--
-- Data for Name: system_health_checks; Type: TABLE DATA; Schema: public; Owner: batman
--

COPY public.system_health_checks (id, "timestamp", database_status, database_response_time, redis_status, redis_response_time, redis_memory_usage, telegram_api_status, telegram_api_response_time, openai_api_status, openai_api_response_time, google_ai_api_status, google_ai_api_response_time, celery_status, celery_workers_count, celery_queue_size, disk_free_gb, memory_usage_percent, cpu_usage_percent, overall_status, issues) FROM stdin;
\.


--
-- Data for Name: top5_pins; Type: TABLE DATA; Schema: public; Owner: batman
--

COPY public.top5_pins (id, chat_id, message_id, updated_at, profile_id) FROM stdin;
\.


--
-- Data for Name: top5_snapshots; Type: TABLE DATA; Schema: public; Owner: batman
--

COPY public.top5_snapshots (id, window_start, window_end, items, hash, updated_at, profile_id) FROM stdin;
3	2025-06-30	2025-09-27	[]	da39a3ee5e6b4b0d3255bfef95601890afd80709	2025-09-27 02:00:00.565511+00	10
4	2025-06-30	2025-09-27	[]	da39a3ee5e6b4b0d3255bfef95601890afd80709	2025-09-27 02:00:00.585094+00	13
2	2025-06-30	2025-09-27	[]	da39a3ee5e6b4b0d3255bfef95601890afd80709	2025-09-27 02:00:00.595905+00	4
5	2025-06-30	2025-09-27	[]	da39a3ee5e6b4b0d3255bfef95601890afd80709	2025-09-27 02:00:00.639949+00	15
6	2025-06-30	2025-09-27	[]	da39a3ee5e6b4b0d3255bfef95601890afd80709	2025-09-27 02:00:00.607399+00	132
1	2025-06-30	2025-09-27	[{"id": "d45f9e390bae8479", "count": 6, "amount": 420.0, "last_at": "2025-08-21T19:47:51.897879", "op_type": "expense", "currency": "RUB", "title_norm": "шаурма", "amount_norm": 420.0, "category_id": 1, "category_kind": "expense", "title_display": "Шаурма", "needs_category_hint": false}, {"id": "31f24fabe868dd9e", "count": 3, "amount": 30.0, "last_at": "2025-09-20T16:36:07.592308", "op_type": "expense", "currency": "RUB", "title_norm": "вода", "amount_norm": 30.0, "category_id": 1, "category_kind": "expense", "title_display": "Вода", "needs_category_hint": false}, {"id": "a3505309177eab8d", "count": 3, "amount": 70.0, "last_at": "2025-09-11T22:16:00.359601", "op_type": "expense", "currency": "RUB", "title_norm": "мороженое", "amount_norm": 70.0, "category_id": 1, "category_kind": "expense", "title_display": "Мороженое", "needs_category_hint": false}, {"id": "28373dd721490c0e", "count": 3, "amount": 410.0, "last_at": "2025-08-22T13:07:35.609493", "op_type": "expense", "currency": "RUB", "title_norm": "кофе", "amount_norm": 410.0, "category_id": 2, "category_kind": "expense", "title_display": "Кофе", "needs_category_hint": false}, {"id": "8cf4266da8a0b105", "count": 3, "amount": 49.0, "last_at": "2025-08-11T18:21:23.136592", "op_type": "expense", "currency": "RUB", "title_norm": "мороженое", "amount_norm": 49.0, "category_id": 1, "category_kind": "expense", "title_display": "Мороженое", "needs_category_hint": false}]	ca8728146c7e7573fd1a150b310316d739da114f	2025-09-27 02:00:00.627155+00	1
\.


--
-- Data for Name: user_analytics; Type: TABLE DATA; Schema: public; Owner: batman
--

COPY public.user_analytics (id, date, messages_sent, voice_messages, photos_sent, commands_used, expenses_added, incomes_added, categories_used, ai_categorizations, manual_categorizations, cashback_calculated, cashback_transactions, errors_encountered, error_types, total_session_time, peak_hour, pdf_reports_generated, recurring_payments_processed, budget_checks, created_at, updated_at, profile_id) FROM stdin;
4	2025-09-12	1	0	0	{"expense_add": 1}	1	0	{"21": 1}	0	1	0.00	0	0	{}	0	\N	0	0	0	2025-09-11 23:00:00.101094+00	2025-09-11 23:00:00.101106+00	4
1	2025-09-10	8	0	0	{"income_add": 2, "expense_add": 8}	8	2	{"2": 3, "4": 2, "5": 2, "165": 1}	0	8	0.00	0	0	{}	0	\N	0	0	0	2025-09-09 23:00:00.208845+00	2025-09-11 23:00:00.126796+00	1
2	2025-09-11	2	0	0	{"income_add": 2, "expense_add": 2}	2	2	{"166": 1, "174": 1}	0	2	0.00	0	0	{}	0	\N	0	0	0	2025-09-10 23:00:00.159425+00	2025-09-12 23:00:00.163116+00	13
3	2025-09-11	2	0	0	{"expense_add": 2}	2	0	{"1": 2}	0	2	0.00	0	0	{}	0	\N	0	0	0	2025-09-10 23:00:00.184404+00	2025-09-12 23:00:00.172171+00	1
6	2025-09-14	1	0	0	{"income_add": 1, "expense_add": 1}	1	1	{"166": 1}	0	1	0.00	0	0	{}	0	\N	0	0	0	2025-09-13 23:00:00.092915+00	2025-09-13 23:00:00.092927+00	13
7	2025-09-14	3	0	0	{"expense_add": 3}	3	0	{"1": 1, "2": 2}	0	3	0.00	0	0	{}	0	\N	0	0	0	2025-09-13 23:00:00.111354+00	2025-09-13 23:00:00.111363+00	1
8	2025-09-16	2	0	0	{"expense_add": 2}	2	0	{"1": 1, "2": 1}	0	2	0.00	0	0	{}	0	\N	0	0	0	2025-09-16 08:31:41.360073+00	2025-09-17 23:00:00.117261+00	1
9	2025-09-17	4	0	0	{"expense_add": 4}	4	0	{"1": 1, "2": 2, "5": 1}	0	4	0.00	0	0	{}	0	\N	0	0	0	2025-09-16 23:00:00.116649+00	2025-09-18 23:00:00.109456+00	1
11	2025-09-20	5	0	0	{"expense_add": 5}	5	0	{"1": 1, "2": 3, "165": 1}	0	5	0.00	0	0	{}	0	\N	0	0	0	2025-09-19 23:00:00.102352+00	2025-09-21 23:00:00.25619+00	1
14	2025-09-22	0	0	0	{}	0	0	{}	0	0	0.00	0	0	{}	0	\N	0	0	0	2025-09-21 23:00:00.277433+00	2025-09-21 23:00:00.27744+00	130
12	2025-09-21	1	0	0	{"expense_add": 1}	1	0	{"17": 1}	0	1	0.00	0	0	{}	0	\N	0	0	0	2025-09-20 23:00:00.116863+00	2025-09-22 23:00:00.13527+00	1
17	2025-09-25	2	0	0	{"income_add": 1, "expense_add": 2}	2	1	{"401": 2}	0	2	0.00	0	0	{}	0	\N	0	0	0	2025-09-24 23:00:00.121562+00	2025-09-24 23:00:00.121572+00	132
15	2025-09-24	1	0	0	{"expense_add": 1}	1	0	{"2": 1}	0	1	0.00	0	0	{}	0	\N	0	0	0	2025-09-23 23:00:00.14247+00	2025-09-25 23:00:00.16756+00	1
18	2025-09-26	0	0	0	{}	0	0	{}	0	0	0.00	0	0	{}	0	\N	0	0	0	2025-09-25 23:00:00.177872+00	2025-09-25 23:00:00.17788+00	134
16	2025-09-25	1	0	0	{"expense_add": 1}	1	0	{"6": 1}	0	1	0.00	0	0	{}	0	\N	0	0	0	2025-09-24 23:00:00.097736+00	2025-09-26 23:00:00.241581+00	1
19	2025-09-27	1	0	0	{"expense_add": 1}	1	0	{"133": 1}	0	1	0.00	0	0	{}	0	\N	0	0	0	2025-09-26 23:00:00.252256+00	2025-09-26 23:00:00.252264+00	10
20	2025-09-27	0	0	0	{}	0	0	{}	0	0	0.00	0	0	{}	0	\N	0	0	0	2025-09-26 23:00:00.261187+00	2025-09-26 23:00:00.261195+00	135
\.


--
-- Data for Name: users_profile; Type: TABLE DATA; Schema: public; Owner: batman
--

COPY public.users_profile (id, telegram_id, language_code, timezone, currency, is_active, created_at, updated_at, beta_access_key, is_beta_tester, last_activity, household_id, accepted_privacy, accepted_offer, total_payments_count, total_stars_paid, acquisition_campaign, acquisition_date, acquisition_details, acquisition_source) FROM stdin;
12	8239680156	ru	UTC	RUB	t	2025-08-10 13:50:35.772339+00	2025-08-14 14:49:55.202831+00	\N	f	\N	\N	f	f	0	0	\N	\N	{}	\N
11	224191007	en	Europe/Moscow	USD	t	2025-08-09 20:13:45.798788+00	2025-08-14 14:50:07.566824+00	\N	f	\N	\N	f	f	0	0	\N	\N	{}	\N
10	6118007130	ru	Europe/Moscow	RUB	t	2025-08-09 20:05:11.773692+00	2025-08-14 14:50:17.666798+00	\N	f	\N	\N	f	f	0	0	\N	\N	{}	\N
8	1143389408	ru	Europe/Moscow	RUB	t	2025-08-09 19:50:24.38535+00	2025-08-14 14:50:33.222181+00	\N	f	\N	\N	f	f	0	0	\N	\N	{}	\N
7	1321872651	ru	Europe/Moscow	RUB	t	2025-08-09 18:54:53.604441+00	2025-08-14 14:50:41.967671+00	\N	f	\N	\N	f	f	0	0	\N	\N	{}	\N
6	850323969	ru	Europe/Moscow	RUB	t	2025-08-09 18:06:01.770653+00	2025-08-14 14:50:50.242589+00	\N	f	\N	\N	f	f	0	0	\N	\N	{}	\N
5	1722398961	ru	Europe/Moscow	RUB	t	2025-08-09 16:51:34.58395+00	2025-08-14 14:50:57.598608+00	\N	f	\N	\N	f	f	0	0	\N	\N	{}	\N
14	2098173669	en	Etc/GMT-3	TRY	t	2025-08-18 11:12:55.579722+00	2025-08-18 18:07:25.659545+00	\N	f	\N	\N	f	f	0	0	\N	\N	{}	\N
13	5100223291	ru	Europe/Moscow	RUB	t	2025-08-18 08:38:04.783447+00	2025-08-24 10:35:44.986806+00	\N	t	\N	\N	f	f	0	0	\N	\N	{}	\N
4	1088315253	ru	Europe/Moscow	RUB	t	2025-08-09 15:32:35.877879+00	2025-09-15 09:44:30.655391+00	\N	t	\N	\N	f	f	0	0	\N	\N	{}	\N
132	5278792201	ru	Europe/Moscow	RUB	t	2025-09-23 10:39:19.28398+00	2025-09-24 13:20:49.276232+00	\N	f	\N	\N	t	f	0	0	\N	\N	{}	\N
135	841618106	ru	Europe/Moscow	RUB	t	2025-09-25 19:17:33.172803+00	2025-09-25 19:17:33.19497+00	\N	f	\N	\N	t	f	0	0	\N	\N	{}	\N
1	881292737	ru	Europe/Moscow	RUB	t	2025-08-08 13:50:19.880399+00	2025-09-26 10:04:28.287293+00	\N	f	\N	\N	t	t	0	0	\N	\N	{}	\N
15	1085523111	ru	Europe/Moscow	RUB	t	2025-08-26 08:17:57.105914+00	2025-09-19 13:37:01.165081+00	\N	t	\N	\N	t	f	0	0	\N	\N	{}	\N
21	1076311591	ru	Europe/Moscow	RUB	t	2025-09-19 11:22:03.116636+00	2025-09-19 21:08:37.618426+00	\N	t	\N	\N	t	f	0	0	\N	\N	{}	\N
130	487016916	ru	Europe/Moscow	RUB	t	2025-09-20 17:41:04.37211+00	2025-09-24 13:21:16.691497+00	\N	f	\N	\N	t	f	0	0	\N	\N	{}	\N
134	7967547829	ru	Europe/Moscow	RUB	t	2025-09-24 13:39:58.918648+00	2025-09-24 13:39:58.932781+00	\N	f	\N	\N	t	f	0	0	COINSFRIENDS	2025-09-24 13:39:58.938294+00	{"blogger_name": "COINSFRIENDS", "campaign_type": "default"}	blogger
\.


--
-- Data for Name: users_settings; Type: TABLE DATA; Schema: public; Owner: batman
--

COPY public.users_settings (id, budget_alerts_enabled, created_at, updated_at, profile_id, cashback_enabled, view_scope) FROM stdin;
3	t	2025-08-09 15:32:35.883698+00	2025-08-09 15:32:35.88371+00	4	t	personal
4	t	2025-08-09 16:51:34.590863+00	2025-08-09 16:51:34.59088+00	5	t	personal
5	t	2025-08-09 18:06:01.775707+00	2025-08-09 18:06:01.775724+00	6	t	personal
6	t	2025-08-09 18:54:53.612479+00	2025-08-09 18:54:53.612497+00	7	t	personal
7	t	2025-08-09 19:50:24.388803+00	2025-08-09 19:50:24.388811+00	8	t	personal
9	t	2025-08-09 20:05:11.777972+00	2025-08-09 20:05:11.777983+00	10	t	personal
10	t	2025-08-09 20:13:45.803163+00	2025-08-09 20:13:45.803174+00	11	t	personal
12	t	2025-08-18 11:12:55.585109+00	2025-08-18 11:12:55.585121+00	14	t	personal
13	t	2025-08-26 08:17:57.131537+00	2025-08-26 08:17:57.13155+00	15	t	personal
11	t	2025-08-18 08:38:04.797906+00	2025-09-09 16:29:29.665497+00	13	f	personal
130	t	2025-09-23 10:39:19.293752+00	2025-09-23 10:39:19.293764+00	132	t	personal
133	t	2025-09-25 19:17:33.189238+00	2025-09-25 19:17:33.189252+00	135	t	personal
1	t	2025-08-08 13:50:19.883891+00	2025-09-17 18:37:48.938355+00	1	t	personal
19	t	2025-09-19 11:22:03.122329+00	2025-09-19 11:22:03.12234+00	21	t	personal
132	t	2025-09-24 13:39:58.925082+00	2025-09-24 13:39:58.925097+00	134	t	personal
128	t	2025-09-20 17:41:04.378495+00	2025-09-20 17:41:04.378506+00	130	t	personal
\.


--
-- Name: admin_panel_broadcastmessage_custom_recipients_id_seq; Type: SEQUENCE SET; Schema: public; Owner: batman
--

SELECT pg_catalog.setval('public.admin_panel_broadcastmessage_custom_recipients_id_seq', 1, false);


--
-- Name: admin_panel_broadcastmessage_id_seq; Type: SEQUENCE SET; Schema: public; Owner: batman
--

SELECT pg_catalog.setval('public.admin_panel_broadcastmessage_id_seq', 1, false);


--
-- Name: admin_panel_broadcastrecipient_id_seq; Type: SEQUENCE SET; Schema: public; Owner: batman
--

SELECT pg_catalog.setval('public.admin_panel_broadcastrecipient_id_seq', 1, false);


--
-- Name: affiliate_commissions_id_seq; Type: SEQUENCE SET; Schema: public; Owner: batman
--

SELECT pg_catalog.setval('public.affiliate_commissions_id_seq', 1, false);


--
-- Name: affiliate_links_id_seq; Type: SEQUENCE SET; Schema: public; Owner: batman
--

SELECT pg_catalog.setval('public.affiliate_links_id_seq', 4, true);


--
-- Name: affiliate_program_id_seq; Type: SEQUENCE SET; Schema: public; Owner: batman
--

SELECT pg_catalog.setval('public.affiliate_program_id_seq', 1, true);


--
-- Name: affiliate_referrals_id_seq; Type: SEQUENCE SET; Schema: public; Owner: batman
--

SELECT pg_catalog.setval('public.affiliate_referrals_id_seq', 2, true);


--
-- Name: ai_service_metrics_id_seq; Type: SEQUENCE SET; Schema: public; Owner: batman
--

SELECT pg_catalog.setval('public.ai_service_metrics_id_seq', 24, true);


--
-- Name: auth_group_id_seq; Type: SEQUENCE SET; Schema: public; Owner: batman
--

SELECT pg_catalog.setval('public.auth_group_id_seq', 1, false);


--
-- Name: auth_group_permissions_id_seq; Type: SEQUENCE SET; Schema: public; Owner: batman
--

SELECT pg_catalog.setval('public.auth_group_permissions_id_seq', 1, false);


--
-- Name: auth_permission_id_seq; Type: SEQUENCE SET; Schema: public; Owner: batman
--

SELECT pg_catalog.setval('public.auth_permission_id_seq', 168, true);


--
-- Name: auth_user_groups_id_seq; Type: SEQUENCE SET; Schema: public; Owner: batman
--

SELECT pg_catalog.setval('public.auth_user_groups_id_seq', 1, false);


--
-- Name: auth_user_id_seq; Type: SEQUENCE SET; Schema: public; Owner: batman
--

SELECT pg_catalog.setval('public.auth_user_id_seq', 1, true);


--
-- Name: auth_user_user_permissions_id_seq; Type: SEQUENCE SET; Schema: public; Owner: batman
--

SELECT pg_catalog.setval('public.auth_user_user_permissions_id_seq', 1, false);


--
-- Name: django_admin_log_id_seq; Type: SEQUENCE SET; Schema: public; Owner: batman
--

SELECT pg_catalog.setval('public.django_admin_log_id_seq', 151, true);


--
-- Name: django_celery_beat_clockedschedule_id_seq; Type: SEQUENCE SET; Schema: public; Owner: batman
--

SELECT pg_catalog.setval('public.django_celery_beat_clockedschedule_id_seq', 1, false);


--
-- Name: django_celery_beat_crontabschedule_id_seq; Type: SEQUENCE SET; Schema: public; Owner: batman
--

SELECT pg_catalog.setval('public.django_celery_beat_crontabschedule_id_seq', 11, true);


--
-- Name: django_celery_beat_intervalschedule_id_seq; Type: SEQUENCE SET; Schema: public; Owner: batman
--

SELECT pg_catalog.setval('public.django_celery_beat_intervalschedule_id_seq', 1, false);


--
-- Name: django_celery_beat_periodictask_id_seq; Type: SEQUENCE SET; Schema: public; Owner: batman
--

SELECT pg_catalog.setval('public.django_celery_beat_periodictask_id_seq', 13, true);


--
-- Name: django_celery_beat_solarschedule_id_seq; Type: SEQUENCE SET; Schema: public; Owner: batman
--

SELECT pg_catalog.setval('public.django_celery_beat_solarschedule_id_seq', 1, false);


--
-- Name: django_content_type_id_seq; Type: SEQUENCE SET; Schema: public; Owner: batman
--

SELECT pg_catalog.setval('public.django_content_type_id_seq', 42, true);


--
-- Name: django_migrations_id_seq; Type: SEQUENCE SET; Schema: public; Owner: batman
--

SELECT pg_catalog.setval('public.django_migrations_id_seq', 89, true);


--
-- Name: expenses_advertisercampaign_id_seq; Type: SEQUENCE SET; Schema: public; Owner: expense_user
--

SELECT pg_catalog.setval('public.expenses_advertisercampaign_id_seq', 1, true);


--
-- Name: expenses_budget_id_seq; Type: SEQUENCE SET; Schema: public; Owner: batman
--

SELECT pg_catalog.setval('public.expenses_budget_id_seq', 1, false);


--
-- Name: expenses_cashback_id_seq; Type: SEQUENCE SET; Schema: public; Owner: batman
--

SELECT pg_catalog.setval('public.expenses_cashback_id_seq', 37, true);


--
-- Name: expenses_category_id_seq; Type: SEQUENCE SET; Schema: public; Owner: batman
--

SELECT pg_catalog.setval('public.expenses_category_id_seq', 455, true);


--
-- Name: expenses_category_keyword_id_seq; Type: SEQUENCE SET; Schema: public; Owner: batman
--

SELECT pg_catalog.setval('public.expenses_category_keyword_id_seq', 94, true);


--
-- Name: expenses_expense_id_seq; Type: SEQUENCE SET; Schema: public; Owner: batman
--

SELECT pg_catalog.setval('public.expenses_expense_id_seq', 271, true);


--
-- Name: expenses_income_category_keyword_id_seq; Type: SEQUENCE SET; Schema: public; Owner: batman
--

SELECT pg_catalog.setval('public.expenses_income_category_keyword_id_seq', 1, false);


--
-- Name: expenses_recurring_payment_id_seq; Type: SEQUENCE SET; Schema: public; Owner: batman
--

SELECT pg_catalog.setval('public.expenses_recurring_payment_id_seq', 6, true);


--
-- Name: family_invites_id_seq; Type: SEQUENCE SET; Schema: public; Owner: batman
--

SELECT pg_catalog.setval('public.family_invites_id_seq', 1, true);


--
-- Name: households_id_seq; Type: SEQUENCE SET; Schema: public; Owner: batman
--

SELECT pg_catalog.setval('public.households_id_seq', 1, true);


--
-- Name: incomes_category_id_seq; Type: SEQUENCE SET; Schema: public; Owner: batman
--

SELECT pg_catalog.setval('public.incomes_category_id_seq', 260, true);


--
-- Name: incomes_income_id_seq; Type: SEQUENCE SET; Schema: public; Owner: batman
--

SELECT pg_catalog.setval('public.incomes_income_id_seq', 17, true);


--
-- Name: promocode_usages_id_seq; Type: SEQUENCE SET; Schema: public; Owner: batman
--

SELECT pg_catalog.setval('public.promocode_usages_id_seq', 1, true);


--
-- Name: promocodes_id_seq; Type: SEQUENCE SET; Schema: public; Owner: batman
--

SELECT pg_catalog.setval('public.promocodes_id_seq', 2, true);


--
-- Name: subscription_notifications_id_seq; Type: SEQUENCE SET; Schema: public; Owner: batman
--

SELECT pg_catalog.setval('public.subscription_notifications_id_seq', 12, true);


--
-- Name: subscriptions_id_seq; Type: SEQUENCE SET; Schema: public; Owner: batman
--

SELECT pg_catalog.setval('public.subscriptions_id_seq', 49, true);


--
-- Name: system_health_checks_id_seq; Type: SEQUENCE SET; Schema: public; Owner: batman
--

SELECT pg_catalog.setval('public.system_health_checks_id_seq', 1, false);


--
-- Name: top5_pins_id_seq; Type: SEQUENCE SET; Schema: public; Owner: batman
--

SELECT pg_catalog.setval('public.top5_pins_id_seq', 1, false);


--
-- Name: top5_snapshots_id_seq; Type: SEQUENCE SET; Schema: public; Owner: batman
--

SELECT pg_catalog.setval('public.top5_snapshots_id_seq', 6, true);


--
-- Name: user_analytics_id_seq; Type: SEQUENCE SET; Schema: public; Owner: batman
--

SELECT pg_catalog.setval('public.user_analytics_id_seq', 20, true);


--
-- Name: users_profile_id_seq; Type: SEQUENCE SET; Schema: public; Owner: batman
--

SELECT pg_catalog.setval('public.users_profile_id_seq', 135, true);


--
-- Name: users_settings_id_seq; Type: SEQUENCE SET; Schema: public; Owner: batman
--

SELECT pg_catalog.setval('public.users_settings_id_seq', 133, true);


--
-- Name: admin_panel_broadcastmessage_custom_recipients admin_panel_broadcastmes_broadcastmessage_id_prof_cd735f77_uniq; Type: CONSTRAINT; Schema: public; Owner: batman
--

ALTER TABLE ONLY public.admin_panel_broadcastmessage_custom_recipients
    ADD CONSTRAINT admin_panel_broadcastmes_broadcastmessage_id_prof_cd735f77_uniq UNIQUE (broadcastmessage_id, profile_id);


--
-- Name: admin_panel_broadcastmessage_custom_recipients admin_panel_broadcastmessage_custom_recipients_pkey; Type: CONSTRAINT; Schema: public; Owner: batman
--

ALTER TABLE ONLY public.admin_panel_broadcastmessage_custom_recipients
    ADD CONSTRAINT admin_panel_broadcastmessage_custom_recipients_pkey PRIMARY KEY (id);


--
-- Name: admin_panel_broadcastmessage admin_panel_broadcastmessage_pkey; Type: CONSTRAINT; Schema: public; Owner: batman
--

ALTER TABLE ONLY public.admin_panel_broadcastmessage
    ADD CONSTRAINT admin_panel_broadcastmessage_pkey PRIMARY KEY (id);


--
-- Name: admin_panel_broadcastrecipient admin_panel_broadcastrec_broadcast_id_profile_id_eb247b37_uniq; Type: CONSTRAINT; Schema: public; Owner: batman
--

ALTER TABLE ONLY public.admin_panel_broadcastrecipient
    ADD CONSTRAINT admin_panel_broadcastrec_broadcast_id_profile_id_eb247b37_uniq UNIQUE (broadcast_id, profile_id);


--
-- Name: admin_panel_broadcastrecipient admin_panel_broadcastrecipient_pkey; Type: CONSTRAINT; Schema: public; Owner: batman
--

ALTER TABLE ONLY public.admin_panel_broadcastrecipient
    ADD CONSTRAINT admin_panel_broadcastrecipient_pkey PRIMARY KEY (id);


--
-- Name: affiliate_commissions affiliate_commissions_pkey; Type: CONSTRAINT; Schema: public; Owner: batman
--

ALTER TABLE ONLY public.affiliate_commissions
    ADD CONSTRAINT affiliate_commissions_pkey PRIMARY KEY (id);


--
-- Name: affiliate_commissions affiliate_commissions_telegram_transaction_id_key; Type: CONSTRAINT; Schema: public; Owner: batman
--

ALTER TABLE ONLY public.affiliate_commissions
    ADD CONSTRAINT affiliate_commissions_telegram_transaction_id_key UNIQUE (telegram_transaction_id);


--
-- Name: affiliate_links affiliate_links_affiliate_code_key; Type: CONSTRAINT; Schema: public; Owner: batman
--

ALTER TABLE ONLY public.affiliate_links
    ADD CONSTRAINT affiliate_links_affiliate_code_key UNIQUE (affiliate_code);


--
-- Name: affiliate_links affiliate_links_pkey; Type: CONSTRAINT; Schema: public; Owner: batman
--

ALTER TABLE ONLY public.affiliate_links
    ADD CONSTRAINT affiliate_links_pkey PRIMARY KEY (id);


--
-- Name: affiliate_links affiliate_links_profile_id_key; Type: CONSTRAINT; Schema: public; Owner: batman
--

ALTER TABLE ONLY public.affiliate_links
    ADD CONSTRAINT affiliate_links_profile_id_key UNIQUE (profile_id);


--
-- Name: affiliate_program affiliate_program_pkey; Type: CONSTRAINT; Schema: public; Owner: batman
--

ALTER TABLE ONLY public.affiliate_program
    ADD CONSTRAINT affiliate_program_pkey PRIMARY KEY (id);


--
-- Name: affiliate_program affiliate_program_telegram_program_id_key; Type: CONSTRAINT; Schema: public; Owner: batman
--

ALTER TABLE ONLY public.affiliate_program
    ADD CONSTRAINT affiliate_program_telegram_program_id_key UNIQUE (telegram_program_id);


--
-- Name: affiliate_referrals affiliate_referrals_pkey; Type: CONSTRAINT; Schema: public; Owner: batman
--

ALTER TABLE ONLY public.affiliate_referrals
    ADD CONSTRAINT affiliate_referrals_pkey PRIMARY KEY (id);


--
-- Name: affiliate_referrals affiliate_referrals_referred_id_b4d2f00c_uniq; Type: CONSTRAINT; Schema: public; Owner: batman
--

ALTER TABLE ONLY public.affiliate_referrals
    ADD CONSTRAINT affiliate_referrals_referred_id_b4d2f00c_uniq UNIQUE (referred_id);


--
-- Name: affiliate_referrals affiliate_referrals_referred_id_key; Type: CONSTRAINT; Schema: public; Owner: batman
--

ALTER TABLE ONLY public.affiliate_referrals
    ADD CONSTRAINT affiliate_referrals_referred_id_key UNIQUE (referred_id);


--
-- Name: ai_service_metrics ai_service_metrics_pkey; Type: CONSTRAINT; Schema: public; Owner: batman
--

ALTER TABLE ONLY public.ai_service_metrics
    ADD CONSTRAINT ai_service_metrics_pkey PRIMARY KEY (id);


--
-- Name: auth_group auth_group_name_key; Type: CONSTRAINT; Schema: public; Owner: batman
--

ALTER TABLE ONLY public.auth_group
    ADD CONSTRAINT auth_group_name_key UNIQUE (name);


--
-- Name: auth_group_permissions auth_group_permissions_group_id_permission_id_0cd325b0_uniq; Type: CONSTRAINT; Schema: public; Owner: batman
--

ALTER TABLE ONLY public.auth_group_permissions
    ADD CONSTRAINT auth_group_permissions_group_id_permission_id_0cd325b0_uniq UNIQUE (group_id, permission_id);


--
-- Name: auth_group_permissions auth_group_permissions_pkey; Type: CONSTRAINT; Schema: public; Owner: batman
--

ALTER TABLE ONLY public.auth_group_permissions
    ADD CONSTRAINT auth_group_permissions_pkey PRIMARY KEY (id);


--
-- Name: auth_group auth_group_pkey; Type: CONSTRAINT; Schema: public; Owner: batman
--

ALTER TABLE ONLY public.auth_group
    ADD CONSTRAINT auth_group_pkey PRIMARY KEY (id);


--
-- Name: auth_permission auth_permission_content_type_id_codename_01ab375a_uniq; Type: CONSTRAINT; Schema: public; Owner: batman
--

ALTER TABLE ONLY public.auth_permission
    ADD CONSTRAINT auth_permission_content_type_id_codename_01ab375a_uniq UNIQUE (content_type_id, codename);


--
-- Name: auth_permission auth_permission_pkey; Type: CONSTRAINT; Schema: public; Owner: batman
--

ALTER TABLE ONLY public.auth_permission
    ADD CONSTRAINT auth_permission_pkey PRIMARY KEY (id);


--
-- Name: auth_user_groups auth_user_groups_pkey; Type: CONSTRAINT; Schema: public; Owner: batman
--

ALTER TABLE ONLY public.auth_user_groups
    ADD CONSTRAINT auth_user_groups_pkey PRIMARY KEY (id);


--
-- Name: auth_user_groups auth_user_groups_user_id_group_id_94350c0c_uniq; Type: CONSTRAINT; Schema: public; Owner: batman
--

ALTER TABLE ONLY public.auth_user_groups
    ADD CONSTRAINT auth_user_groups_user_id_group_id_94350c0c_uniq UNIQUE (user_id, group_id);


--
-- Name: auth_user auth_user_pkey; Type: CONSTRAINT; Schema: public; Owner: batman
--

ALTER TABLE ONLY public.auth_user
    ADD CONSTRAINT auth_user_pkey PRIMARY KEY (id);


--
-- Name: auth_user_user_permissions auth_user_user_permissions_pkey; Type: CONSTRAINT; Schema: public; Owner: batman
--

ALTER TABLE ONLY public.auth_user_user_permissions
    ADD CONSTRAINT auth_user_user_permissions_pkey PRIMARY KEY (id);


--
-- Name: auth_user_user_permissions auth_user_user_permissions_user_id_permission_id_14a6b632_uniq; Type: CONSTRAINT; Schema: public; Owner: batman
--

ALTER TABLE ONLY public.auth_user_user_permissions
    ADD CONSTRAINT auth_user_user_permissions_user_id_permission_id_14a6b632_uniq UNIQUE (user_id, permission_id);


--
-- Name: auth_user auth_user_username_key; Type: CONSTRAINT; Schema: public; Owner: batman
--

ALTER TABLE ONLY public.auth_user
    ADD CONSTRAINT auth_user_username_key UNIQUE (username);


--
-- Name: django_admin_log django_admin_log_pkey; Type: CONSTRAINT; Schema: public; Owner: batman
--

ALTER TABLE ONLY public.django_admin_log
    ADD CONSTRAINT django_admin_log_pkey PRIMARY KEY (id);


--
-- Name: django_celery_beat_clockedschedule django_celery_beat_clockedschedule_pkey; Type: CONSTRAINT; Schema: public; Owner: batman
--

ALTER TABLE ONLY public.django_celery_beat_clockedschedule
    ADD CONSTRAINT django_celery_beat_clockedschedule_pkey PRIMARY KEY (id);


--
-- Name: django_celery_beat_crontabschedule django_celery_beat_crontabschedule_pkey; Type: CONSTRAINT; Schema: public; Owner: batman
--

ALTER TABLE ONLY public.django_celery_beat_crontabschedule
    ADD CONSTRAINT django_celery_beat_crontabschedule_pkey PRIMARY KEY (id);


--
-- Name: django_celery_beat_intervalschedule django_celery_beat_intervalschedule_pkey; Type: CONSTRAINT; Schema: public; Owner: batman
--

ALTER TABLE ONLY public.django_celery_beat_intervalschedule
    ADD CONSTRAINT django_celery_beat_intervalschedule_pkey PRIMARY KEY (id);


--
-- Name: django_celery_beat_periodictask django_celery_beat_periodictask_name_key; Type: CONSTRAINT; Schema: public; Owner: batman
--

ALTER TABLE ONLY public.django_celery_beat_periodictask
    ADD CONSTRAINT django_celery_beat_periodictask_name_key UNIQUE (name);


--
-- Name: django_celery_beat_periodictask django_celery_beat_periodictask_pkey; Type: CONSTRAINT; Schema: public; Owner: batman
--

ALTER TABLE ONLY public.django_celery_beat_periodictask
    ADD CONSTRAINT django_celery_beat_periodictask_pkey PRIMARY KEY (id);


--
-- Name: django_celery_beat_periodictasks django_celery_beat_periodictasks_pkey; Type: CONSTRAINT; Schema: public; Owner: batman
--

ALTER TABLE ONLY public.django_celery_beat_periodictasks
    ADD CONSTRAINT django_celery_beat_periodictasks_pkey PRIMARY KEY (ident);


--
-- Name: django_celery_beat_solarschedule django_celery_beat_solar_event_latitude_longitude_ba64999a_uniq; Type: CONSTRAINT; Schema: public; Owner: batman
--

ALTER TABLE ONLY public.django_celery_beat_solarschedule
    ADD CONSTRAINT django_celery_beat_solar_event_latitude_longitude_ba64999a_uniq UNIQUE (event, latitude, longitude);


--
-- Name: django_celery_beat_solarschedule django_celery_beat_solarschedule_pkey; Type: CONSTRAINT; Schema: public; Owner: batman
--

ALTER TABLE ONLY public.django_celery_beat_solarschedule
    ADD CONSTRAINT django_celery_beat_solarschedule_pkey PRIMARY KEY (id);


--
-- Name: django_content_type django_content_type_app_label_model_76bd3d3b_uniq; Type: CONSTRAINT; Schema: public; Owner: batman
--

ALTER TABLE ONLY public.django_content_type
    ADD CONSTRAINT django_content_type_app_label_model_76bd3d3b_uniq UNIQUE (app_label, model);


--
-- Name: django_content_type django_content_type_pkey; Type: CONSTRAINT; Schema: public; Owner: batman
--

ALTER TABLE ONLY public.django_content_type
    ADD CONSTRAINT django_content_type_pkey PRIMARY KEY (id);


--
-- Name: django_migrations django_migrations_pkey; Type: CONSTRAINT; Schema: public; Owner: batman
--

ALTER TABLE ONLY public.django_migrations
    ADD CONSTRAINT django_migrations_pkey PRIMARY KEY (id);


--
-- Name: django_session django_session_pkey; Type: CONSTRAINT; Schema: public; Owner: batman
--

ALTER TABLE ONLY public.django_session
    ADD CONSTRAINT django_session_pkey PRIMARY KEY (session_key);


--
-- Name: expenses_advertisercampaign expenses_advertisercampaign_pkey; Type: CONSTRAINT; Schema: public; Owner: expense_user
--

ALTER TABLE ONLY public.expenses_advertisercampaign
    ADD CONSTRAINT expenses_advertisercampaign_pkey PRIMARY KEY (id);


--
-- Name: expenses_advertisercampaign expenses_advertisercampaign_utm_code_key; Type: CONSTRAINT; Schema: public; Owner: expense_user
--

ALTER TABLE ONLY public.expenses_advertisercampaign
    ADD CONSTRAINT expenses_advertisercampaign_utm_code_key UNIQUE (utm_code);


--
-- Name: expenses_budget expenses_budget_pkey; Type: CONSTRAINT; Schema: public; Owner: batman
--

ALTER TABLE ONLY public.expenses_budget
    ADD CONSTRAINT expenses_budget_pkey PRIMARY KEY (id);


--
-- Name: expenses_cashback expenses_cashback_pkey; Type: CONSTRAINT; Schema: public; Owner: batman
--

ALTER TABLE ONLY public.expenses_cashback
    ADD CONSTRAINT expenses_cashback_pkey PRIMARY KEY (id);


--
-- Name: expenses_cashback expenses_cashback_profile_id_bank_name_mon_de7795cf_uniq; Type: CONSTRAINT; Schema: public; Owner: batman
--

ALTER TABLE ONLY public.expenses_cashback
    ADD CONSTRAINT expenses_cashback_profile_id_bank_name_mon_de7795cf_uniq UNIQUE (profile_id, bank_name, month, category_id);


--
-- Name: expenses_category_keyword expenses_category_keywor_category_id_keyword_lang_5a245d59_uniq; Type: CONSTRAINT; Schema: public; Owner: batman
--

ALTER TABLE ONLY public.expenses_category_keyword
    ADD CONSTRAINT expenses_category_keywor_category_id_keyword_lang_5a245d59_uniq UNIQUE (category_id, keyword, language);


--
-- Name: expenses_category_keyword expenses_category_keyword_pkey; Type: CONSTRAINT; Schema: public; Owner: batman
--

ALTER TABLE ONLY public.expenses_category_keyword
    ADD CONSTRAINT expenses_category_keyword_pkey PRIMARY KEY (id);


--
-- Name: expenses_category expenses_category_pkey; Type: CONSTRAINT; Schema: public; Owner: batman
--

ALTER TABLE ONLY public.expenses_category
    ADD CONSTRAINT expenses_category_pkey PRIMARY KEY (id);


--
-- Name: expenses_category expenses_category_profile_id_name_3ae88392_uniq; Type: CONSTRAINT; Schema: public; Owner: batman
--

ALTER TABLE ONLY public.expenses_category
    ADD CONSTRAINT expenses_category_profile_id_name_3ae88392_uniq UNIQUE (profile_id, name);


--
-- Name: expenses_expense expenses_expense_pkey; Type: CONSTRAINT; Schema: public; Owner: batman
--

ALTER TABLE ONLY public.expenses_expense
    ADD CONSTRAINT expenses_expense_pkey PRIMARY KEY (id);


--
-- Name: expenses_income_category_keyword expenses_income_category_category_id_keyword_9d58f26a_uniq; Type: CONSTRAINT; Schema: public; Owner: batman
--

ALTER TABLE ONLY public.expenses_income_category_keyword
    ADD CONSTRAINT expenses_income_category_category_id_keyword_9d58f26a_uniq UNIQUE (category_id, keyword);


--
-- Name: expenses_income_category_keyword expenses_income_category_keyword_pkey; Type: CONSTRAINT; Schema: public; Owner: batman
--

ALTER TABLE ONLY public.expenses_income_category_keyword
    ADD CONSTRAINT expenses_income_category_keyword_pkey PRIMARY KEY (id);


--
-- Name: expenses_recurring_payment expenses_recurring_payment_pkey; Type: CONSTRAINT; Schema: public; Owner: batman
--

ALTER TABLE ONLY public.expenses_recurring_payment
    ADD CONSTRAINT expenses_recurring_payment_pkey PRIMARY KEY (id);


--
-- Name: family_invites family_invites_pkey; Type: CONSTRAINT; Schema: public; Owner: batman
--

ALTER TABLE ONLY public.family_invites
    ADD CONSTRAINT family_invites_pkey PRIMARY KEY (id);


--
-- Name: family_invites family_invites_token_key; Type: CONSTRAINT; Schema: public; Owner: batman
--

ALTER TABLE ONLY public.family_invites
    ADD CONSTRAINT family_invites_token_key UNIQUE (token);


--
-- Name: households households_pkey; Type: CONSTRAINT; Schema: public; Owner: batman
--

ALTER TABLE ONLY public.households
    ADD CONSTRAINT households_pkey PRIMARY KEY (id);


--
-- Name: incomes_category incomes_category_pkey; Type: CONSTRAINT; Schema: public; Owner: batman
--

ALTER TABLE ONLY public.incomes_category
    ADD CONSTRAINT incomes_category_pkey PRIMARY KEY (id);


--
-- Name: incomes_category incomes_category_profile_id_name_a092756d_uniq; Type: CONSTRAINT; Schema: public; Owner: batman
--

ALTER TABLE ONLY public.incomes_category
    ADD CONSTRAINT incomes_category_profile_id_name_a092756d_uniq UNIQUE (profile_id, name);


--
-- Name: incomes_income incomes_income_pkey; Type: CONSTRAINT; Schema: public; Owner: batman
--

ALTER TABLE ONLY public.incomes_income
    ADD CONSTRAINT incomes_income_pkey PRIMARY KEY (id);


--
-- Name: promocode_usages promocode_usages_pkey; Type: CONSTRAINT; Schema: public; Owner: batman
--

ALTER TABLE ONLY public.promocode_usages
    ADD CONSTRAINT promocode_usages_pkey PRIMARY KEY (id);


--
-- Name: promocode_usages promocode_usages_promocode_id_profile_id_954c458e_uniq; Type: CONSTRAINT; Schema: public; Owner: batman
--

ALTER TABLE ONLY public.promocode_usages
    ADD CONSTRAINT promocode_usages_promocode_id_profile_id_954c458e_uniq UNIQUE (promocode_id, profile_id);


--
-- Name: promocodes promocodes_code_key; Type: CONSTRAINT; Schema: public; Owner: batman
--

ALTER TABLE ONLY public.promocodes
    ADD CONSTRAINT promocodes_code_key UNIQUE (code);


--
-- Name: promocodes promocodes_pkey; Type: CONSTRAINT; Schema: public; Owner: batman
--

ALTER TABLE ONLY public.promocodes
    ADD CONSTRAINT promocodes_pkey PRIMARY KEY (id);


--
-- Name: subscription_notifications subscription_notificatio_subscription_id_notifica_ba9312e5_uniq; Type: CONSTRAINT; Schema: public; Owner: batman
--

ALTER TABLE ONLY public.subscription_notifications
    ADD CONSTRAINT subscription_notificatio_subscription_id_notifica_ba9312e5_uniq UNIQUE (subscription_id, notification_type);


--
-- Name: subscription_notifications subscription_notifications_pkey; Type: CONSTRAINT; Schema: public; Owner: batman
--

ALTER TABLE ONLY public.subscription_notifications
    ADD CONSTRAINT subscription_notifications_pkey PRIMARY KEY (id);


--
-- Name: subscriptions subscriptions_pkey; Type: CONSTRAINT; Schema: public; Owner: batman
--

ALTER TABLE ONLY public.subscriptions
    ADD CONSTRAINT subscriptions_pkey PRIMARY KEY (id);


--
-- Name: subscriptions subscriptions_telegram_payment_charge_id_key; Type: CONSTRAINT; Schema: public; Owner: batman
--

ALTER TABLE ONLY public.subscriptions
    ADD CONSTRAINT subscriptions_telegram_payment_charge_id_key UNIQUE (telegram_payment_charge_id);


--
-- Name: system_health_checks system_health_checks_pkey; Type: CONSTRAINT; Schema: public; Owner: batman
--

ALTER TABLE ONLY public.system_health_checks
    ADD CONSTRAINT system_health_checks_pkey PRIMARY KEY (id);


--
-- Name: top5_pins top5_pins_pkey; Type: CONSTRAINT; Schema: public; Owner: batman
--

ALTER TABLE ONLY public.top5_pins
    ADD CONSTRAINT top5_pins_pkey PRIMARY KEY (id);


--
-- Name: top5_pins top5_pins_profile_id_key; Type: CONSTRAINT; Schema: public; Owner: batman
--

ALTER TABLE ONLY public.top5_pins
    ADD CONSTRAINT top5_pins_profile_id_key UNIQUE (profile_id);


--
-- Name: top5_snapshots top5_snapshots_pkey; Type: CONSTRAINT; Schema: public; Owner: batman
--

ALTER TABLE ONLY public.top5_snapshots
    ADD CONSTRAINT top5_snapshots_pkey PRIMARY KEY (id);


--
-- Name: top5_snapshots top5_snapshots_profile_id_key; Type: CONSTRAINT; Schema: public; Owner: batman
--

ALTER TABLE ONLY public.top5_snapshots
    ADD CONSTRAINT top5_snapshots_profile_id_key UNIQUE (profile_id);


--
-- Name: user_analytics user_analytics_pkey; Type: CONSTRAINT; Schema: public; Owner: batman
--

ALTER TABLE ONLY public.user_analytics
    ADD CONSTRAINT user_analytics_pkey PRIMARY KEY (id);


--
-- Name: user_analytics user_analytics_profile_id_date_cb7f0c59_uniq; Type: CONSTRAINT; Schema: public; Owner: batman
--

ALTER TABLE ONLY public.user_analytics
    ADD CONSTRAINT user_analytics_profile_id_date_cb7f0c59_uniq UNIQUE (profile_id, date);


--
-- Name: users_profile users_profile_pkey; Type: CONSTRAINT; Schema: public; Owner: batman
--

ALTER TABLE ONLY public.users_profile
    ADD CONSTRAINT users_profile_pkey PRIMARY KEY (id);


--
-- Name: users_profile users_profile_telegram_id_key; Type: CONSTRAINT; Schema: public; Owner: batman
--

ALTER TABLE ONLY public.users_profile
    ADD CONSTRAINT users_profile_telegram_id_key UNIQUE (telegram_id);


--
-- Name: users_settings users_settings_pkey; Type: CONSTRAINT; Schema: public; Owner: batman
--

ALTER TABLE ONLY public.users_settings
    ADD CONSTRAINT users_settings_pkey PRIMARY KEY (id);


--
-- Name: users_settings users_settings_profile_id_key; Type: CONSTRAINT; Schema: public; Owner: batman
--

ALTER TABLE ONLY public.users_settings
    ADD CONSTRAINT users_settings_profile_id_key UNIQUE (profile_id);


--
-- Name: admin_panel_broadcastmessa_broadcastmessage_id_f3689a4a; Type: INDEX; Schema: public; Owner: batman
--

CREATE INDEX admin_panel_broadcastmessa_broadcastmessage_id_f3689a4a ON public.admin_panel_broadcastmessage_custom_recipients USING btree (broadcastmessage_id);


--
-- Name: admin_panel_broadcastmessa_profile_id_fdd04729; Type: INDEX; Schema: public; Owner: batman
--

CREATE INDEX admin_panel_broadcastmessa_profile_id_fdd04729 ON public.admin_panel_broadcastmessage_custom_recipients USING btree (profile_id);


--
-- Name: admin_panel_broadcastmessage_created_by_id_0f90aedd; Type: INDEX; Schema: public; Owner: batman
--

CREATE INDEX admin_panel_broadcastmessage_created_by_id_0f90aedd ON public.admin_panel_broadcastmessage USING btree (created_by_id);


--
-- Name: admin_panel_broadcastrecipient_broadcast_id_47e1bd39; Type: INDEX; Schema: public; Owner: batman
--

CREATE INDEX admin_panel_broadcastrecipient_broadcast_id_47e1bd39 ON public.admin_panel_broadcastrecipient USING btree (broadcast_id);


--
-- Name: admin_panel_broadcastrecipient_profile_id_4628e6dd; Type: INDEX; Schema: public; Owner: batman
--

CREATE INDEX admin_panel_broadcastrecipient_profile_id_4628e6dd ON public.admin_panel_broadcastrecipient USING btree (profile_id);


--
-- Name: affiliate_c_created_d5ab9e_idx; Type: INDEX; Schema: public; Owner: batman
--

CREATE INDEX affiliate_c_created_d5ab9e_idx ON public.affiliate_commissions USING btree (created_at);


--
-- Name: affiliate_c_referre_b2c9fe_idx; Type: INDEX; Schema: public; Owner: batman
--

CREATE INDEX affiliate_c_referre_b2c9fe_idx ON public.affiliate_commissions USING btree (referrer_id, status);


--
-- Name: affiliate_c_telegra_c960b8_idx; Type: INDEX; Schema: public; Owner: batman
--

CREATE INDEX affiliate_c_telegra_c960b8_idx ON public.affiliate_commissions USING btree (telegram_transaction_id);


--
-- Name: affiliate_c_telegra_f59679_idx; Type: INDEX; Schema: public; Owner: batman
--

CREATE INDEX affiliate_c_telegra_f59679_idx ON public.affiliate_commissions USING btree (telegram_payment_id);


--
-- Name: affiliate_commissions_referral_id_b50db0d5; Type: INDEX; Schema: public; Owner: batman
--

CREATE INDEX affiliate_commissions_referral_id_b50db0d5 ON public.affiliate_commissions USING btree (referral_id);


--
-- Name: affiliate_commissions_referred_id_c11e35ed; Type: INDEX; Schema: public; Owner: batman
--

CREATE INDEX affiliate_commissions_referred_id_c11e35ed ON public.affiliate_commissions USING btree (referred_id);


--
-- Name: affiliate_commissions_referrer_id_c20f7530; Type: INDEX; Schema: public; Owner: batman
--

CREATE INDEX affiliate_commissions_referrer_id_c20f7530 ON public.affiliate_commissions USING btree (referrer_id);


--
-- Name: affiliate_commissions_subscription_id_26f759ae; Type: INDEX; Schema: public; Owner: batman
--

CREATE INDEX affiliate_commissions_subscription_id_26f759ae ON public.affiliate_commissions USING btree (subscription_id);


--
-- Name: affiliate_commissions_telegram_transaction_id_d3908562_like; Type: INDEX; Schema: public; Owner: batman
--

CREATE INDEX affiliate_commissions_telegram_transaction_id_d3908562_like ON public.affiliate_commissions USING btree (telegram_transaction_id varchar_pattern_ops);


--
-- Name: affiliate_links_affiliate_code_7abab9ea_like; Type: INDEX; Schema: public; Owner: batman
--

CREATE INDEX affiliate_links_affiliate_code_7abab9ea_like ON public.affiliate_links USING btree (affiliate_code varchar_pattern_ops);


--
-- Name: affiliate_program_telegram_program_id_a6cf5f8d_like; Type: INDEX; Schema: public; Owner: batman
--

CREATE INDEX affiliate_program_telegram_program_id_a6cf5f8d_like ON public.affiliate_program USING btree (telegram_program_id varchar_pattern_ops);


--
-- Name: affiliate_referrals_affiliate_link_id_00376b39; Type: INDEX; Schema: public; Owner: batman
--

CREATE INDEX affiliate_referrals_affiliate_link_id_00376b39 ON public.affiliate_referrals USING btree (affiliate_link_id);


--
-- Name: affiliate_referrals_referrer_id_2eea7542; Type: INDEX; Schema: public; Owner: batman
--

CREATE INDEX affiliate_referrals_referrer_id_2eea7542 ON public.affiliate_referrals USING btree (referrer_id);


--
-- Name: affiliate_referrals_reward_subscription_id_be23ebd6; Type: INDEX; Schema: public; Owner: batman
--

CREATE INDEX affiliate_referrals_reward_subscription_id_be23ebd6 ON public.affiliate_referrals USING btree (reward_subscription_id);


--
-- Name: ai_service__service_18a828_idx; Type: INDEX; Schema: public; Owner: batman
--

CREATE INDEX ai_service__service_18a828_idx ON public.ai_service_metrics USING btree (service, "timestamp");


--
-- Name: ai_service__success_6bc23d_idx; Type: INDEX; Schema: public; Owner: batman
--

CREATE INDEX ai_service__success_6bc23d_idx ON public.ai_service_metrics USING btree (success);


--
-- Name: ai_service__timesta_83bcdc_idx; Type: INDEX; Schema: public; Owner: batman
--

CREATE INDEX ai_service__timesta_83bcdc_idx ON public.ai_service_metrics USING btree ("timestamp" DESC);


--
-- Name: ai_service__user_id_b50f3f_idx; Type: INDEX; Schema: public; Owner: batman
--

CREATE INDEX ai_service__user_id_b50f3f_idx ON public.ai_service_metrics USING btree (user_id, "timestamp");


--
-- Name: auth_group_name_a6ea08ec_like; Type: INDEX; Schema: public; Owner: batman
--

CREATE INDEX auth_group_name_a6ea08ec_like ON public.auth_group USING btree (name varchar_pattern_ops);


--
-- Name: auth_group_permissions_group_id_b120cbf9; Type: INDEX; Schema: public; Owner: batman
--

CREATE INDEX auth_group_permissions_group_id_b120cbf9 ON public.auth_group_permissions USING btree (group_id);


--
-- Name: auth_group_permissions_permission_id_84c5c92e; Type: INDEX; Schema: public; Owner: batman
--

CREATE INDEX auth_group_permissions_permission_id_84c5c92e ON public.auth_group_permissions USING btree (permission_id);


--
-- Name: auth_permission_content_type_id_2f476e4b; Type: INDEX; Schema: public; Owner: batman
--

CREATE INDEX auth_permission_content_type_id_2f476e4b ON public.auth_permission USING btree (content_type_id);


--
-- Name: auth_user_groups_group_id_97559544; Type: INDEX; Schema: public; Owner: batman
--

CREATE INDEX auth_user_groups_group_id_97559544 ON public.auth_user_groups USING btree (group_id);


--
-- Name: auth_user_groups_user_id_6a12ed8b; Type: INDEX; Schema: public; Owner: batman
--

CREATE INDEX auth_user_groups_user_id_6a12ed8b ON public.auth_user_groups USING btree (user_id);


--
-- Name: auth_user_user_permissions_permission_id_1fbb5f2c; Type: INDEX; Schema: public; Owner: batman
--

CREATE INDEX auth_user_user_permissions_permission_id_1fbb5f2c ON public.auth_user_user_permissions USING btree (permission_id);


--
-- Name: auth_user_user_permissions_user_id_a95ead1b; Type: INDEX; Schema: public; Owner: batman
--

CREATE INDEX auth_user_user_permissions_user_id_a95ead1b ON public.auth_user_user_permissions USING btree (user_id);


--
-- Name: auth_user_username_6821ab7c_like; Type: INDEX; Schema: public; Owner: batman
--

CREATE INDEX auth_user_username_6821ab7c_like ON public.auth_user USING btree (username varchar_pattern_ops);


--
-- Name: django_admin_log_content_type_id_c4bce8eb; Type: INDEX; Schema: public; Owner: batman
--

CREATE INDEX django_admin_log_content_type_id_c4bce8eb ON public.django_admin_log USING btree (content_type_id);


--
-- Name: django_admin_log_user_id_c564eba6; Type: INDEX; Schema: public; Owner: batman
--

CREATE INDEX django_admin_log_user_id_c564eba6 ON public.django_admin_log USING btree (user_id);


--
-- Name: django_celery_beat_periodictask_clocked_id_47a69f82; Type: INDEX; Schema: public; Owner: batman
--

CREATE INDEX django_celery_beat_periodictask_clocked_id_47a69f82 ON public.django_celery_beat_periodictask USING btree (clocked_id);


--
-- Name: django_celery_beat_periodictask_crontab_id_d3cba168; Type: INDEX; Schema: public; Owner: batman
--

CREATE INDEX django_celery_beat_periodictask_crontab_id_d3cba168 ON public.django_celery_beat_periodictask USING btree (crontab_id);


--
-- Name: django_celery_beat_periodictask_interval_id_a8ca27da; Type: INDEX; Schema: public; Owner: batman
--

CREATE INDEX django_celery_beat_periodictask_interval_id_a8ca27da ON public.django_celery_beat_periodictask USING btree (interval_id);


--
-- Name: django_celery_beat_periodictask_name_265a36b7_like; Type: INDEX; Schema: public; Owner: batman
--

CREATE INDEX django_celery_beat_periodictask_name_265a36b7_like ON public.django_celery_beat_periodictask USING btree (name varchar_pattern_ops);


--
-- Name: django_celery_beat_periodictask_solar_id_a87ce72c; Type: INDEX; Schema: public; Owner: batman
--

CREATE INDEX django_celery_beat_periodictask_solar_id_a87ce72c ON public.django_celery_beat_periodictask USING btree (solar_id);


--
-- Name: django_session_expire_date_a5c62663; Type: INDEX; Schema: public; Owner: batman
--

CREATE INDEX django_session_expire_date_a5c62663 ON public.django_session USING btree (expire_date);


--
-- Name: django_session_session_key_c0390e0f_like; Type: INDEX; Schema: public; Owner: batman
--

CREATE INDEX django_session_session_key_c0390e0f_like ON public.django_session USING btree (session_key varchar_pattern_ops);


--
-- Name: expenses_ad_created_1c7c38_idx; Type: INDEX; Schema: public; Owner: expense_user
--

CREATE INDEX expenses_ad_created_1c7c38_idx ON public.expenses_advertisercampaign USING btree (created_at);


--
-- Name: expenses_ad_source__ce1752_idx; Type: INDEX; Schema: public; Owner: expense_user
--

CREATE INDEX expenses_ad_source__ce1752_idx ON public.expenses_advertisercampaign USING btree (source_type, is_active);


--
-- Name: expenses_ad_utm_cod_bb423f_idx; Type: INDEX; Schema: public; Owner: expense_user
--

CREATE INDEX expenses_ad_utm_cod_bb423f_idx ON public.expenses_advertisercampaign USING btree (utm_code);


--
-- Name: expenses_advertisercampaign_created_by_id_c8c80cb5; Type: INDEX; Schema: public; Owner: expense_user
--

CREATE INDEX expenses_advertisercampaign_created_by_id_c8c80cb5 ON public.expenses_advertisercampaign USING btree (created_by_id);


--
-- Name: expenses_advertisercampaign_utm_code_6964d0a4_like; Type: INDEX; Schema: public; Owner: expense_user
--

CREATE INDEX expenses_advertisercampaign_utm_code_6964d0a4_like ON public.expenses_advertisercampaign USING btree (utm_code varchar_pattern_ops);


--
-- Name: expenses_budget_category_id_b3393af2; Type: INDEX; Schema: public; Owner: batman
--

CREATE INDEX expenses_budget_category_id_b3393af2 ON public.expenses_budget USING btree (category_id);


--
-- Name: expenses_budget_profile_id_457e6f27; Type: INDEX; Schema: public; Owner: batman
--

CREATE INDEX expenses_budget_profile_id_457e6f27 ON public.expenses_budget USING btree (profile_id);


--
-- Name: expenses_ca_categor_ff75cf_idx; Type: INDEX; Schema: public; Owner: batman
--

CREATE INDEX expenses_ca_categor_ff75cf_idx ON public.expenses_category_keyword USING btree (category_id, keyword);


--
-- Name: expenses_ca_languag_298319_idx; Type: INDEX; Schema: public; Owner: batman
--

CREATE INDEX expenses_ca_languag_298319_idx ON public.expenses_category_keyword USING btree (language);


--
-- Name: expenses_ca_normali_a5af6b_idx; Type: INDEX; Schema: public; Owner: batman
--

CREATE INDEX expenses_ca_normali_a5af6b_idx ON public.expenses_category_keyword USING btree (normalized_weight);


--
-- Name: expenses_ca_profile_8316a1_idx; Type: INDEX; Schema: public; Owner: batman
--

CREATE INDEX expenses_ca_profile_8316a1_idx ON public.expenses_cashback USING btree (profile_id, month);


--
-- Name: expenses_ca_profile_89e9e8_idx; Type: INDEX; Schema: public; Owner: batman
--

CREATE INDEX expenses_ca_profile_89e9e8_idx ON public.expenses_category USING btree (profile_id, name_en);


--
-- Name: expenses_ca_profile_95d04f_idx; Type: INDEX; Schema: public; Owner: batman
--

CREATE INDEX expenses_ca_profile_95d04f_idx ON public.expenses_cashback USING btree (profile_id, category_id);


--
-- Name: expenses_ca_profile_dc990d_idx; Type: INDEX; Schema: public; Owner: batman
--

CREATE INDEX expenses_ca_profile_dc990d_idx ON public.expenses_category USING btree (profile_id, name_ru);


--
-- Name: expenses_ca_profile_e5a7d4_idx; Type: INDEX; Schema: public; Owner: batman
--

CREATE INDEX expenses_ca_profile_e5a7d4_idx ON public.expenses_category USING btree (profile_id, name);


--
-- Name: expenses_cashback_category_id_2162401e; Type: INDEX; Schema: public; Owner: batman
--

CREATE INDEX expenses_cashback_category_id_2162401e ON public.expenses_cashback USING btree (category_id);


--
-- Name: expenses_cashback_profile_id_07332103; Type: INDEX; Schema: public; Owner: batman
--

CREATE INDEX expenses_cashback_profile_id_07332103 ON public.expenses_cashback USING btree (profile_id);


--
-- Name: expenses_category_keyword_category_id_f4c2147b; Type: INDEX; Schema: public; Owner: batman
--

CREATE INDEX expenses_category_keyword_category_id_f4c2147b ON public.expenses_category_keyword USING btree (category_id);


--
-- Name: expenses_category_keyword_keyword_a4d0ee8a; Type: INDEX; Schema: public; Owner: batman
--

CREATE INDEX expenses_category_keyword_keyword_a4d0ee8a ON public.expenses_category_keyword USING btree (keyword);


--
-- Name: expenses_category_keyword_keyword_a4d0ee8a_like; Type: INDEX; Schema: public; Owner: batman
--

CREATE INDEX expenses_category_keyword_keyword_a4d0ee8a_like ON public.expenses_category_keyword USING btree (keyword varchar_pattern_ops);


--
-- Name: expenses_category_profile_id_1f2999f4; Type: INDEX; Schema: public; Owner: batman
--

CREATE INDEX expenses_category_profile_id_1f2999f4 ON public.expenses_category USING btree (profile_id);


--
-- Name: expenses_ex_profile_232576_idx; Type: INDEX; Schema: public; Owner: batman
--

CREATE INDEX expenses_ex_profile_232576_idx ON public.expenses_expense USING btree (profile_id, category_id, expense_date DESC);


--
-- Name: expenses_ex_profile_78528e_idx; Type: INDEX; Schema: public; Owner: batman
--

CREATE INDEX expenses_ex_profile_78528e_idx ON public.expenses_expense USING btree (profile_id, expense_date DESC);


--
-- Name: expenses_expense_category_id_aa33bbdd; Type: INDEX; Schema: public; Owner: batman
--

CREATE INDEX expenses_expense_category_id_aa33bbdd ON public.expenses_expense USING btree (category_id);


--
-- Name: expenses_expense_profile_id_753a1bf6; Type: INDEX; Schema: public; Owner: batman
--

CREATE INDEX expenses_expense_profile_id_753a1bf6 ON public.expenses_expense USING btree (profile_id);


--
-- Name: expenses_in_categor_e49401_idx; Type: INDEX; Schema: public; Owner: batman
--

CREATE INDEX expenses_in_categor_e49401_idx ON public.expenses_income_category_keyword USING btree (category_id, usage_count);


--
-- Name: expenses_in_keyword_bfc5a5_idx; Type: INDEX; Schema: public; Owner: batman
--

CREATE INDEX expenses_in_keyword_bfc5a5_idx ON public.expenses_income_category_keyword USING btree (keyword);


--
-- Name: expenses_income_category_keyword_category_id_0a7d07e5; Type: INDEX; Schema: public; Owner: batman
--

CREATE INDEX expenses_income_category_keyword_category_id_0a7d07e5 ON public.expenses_income_category_keyword USING btree (category_id);


--
-- Name: expenses_income_category_keyword_keyword_33301304; Type: INDEX; Schema: public; Owner: batman
--

CREATE INDEX expenses_income_category_keyword_keyword_33301304 ON public.expenses_income_category_keyword USING btree (keyword);


--
-- Name: expenses_income_category_keyword_keyword_33301304_like; Type: INDEX; Schema: public; Owner: batman
--

CREATE INDEX expenses_income_category_keyword_keyword_33301304_like ON public.expenses_income_category_keyword USING btree (keyword varchar_pattern_ops);


--
-- Name: expenses_re_day_of__a1d9e0_idx; Type: INDEX; Schema: public; Owner: batman
--

CREATE INDEX expenses_re_day_of__a1d9e0_idx ON public.expenses_recurring_payment USING btree (day_of_month, is_active);


--
-- Name: expenses_re_operati_91b2c2_idx; Type: INDEX; Schema: public; Owner: batman
--

CREATE INDEX expenses_re_operati_91b2c2_idx ON public.expenses_recurring_payment USING btree (operation_type, is_active);


--
-- Name: expenses_re_profile_27b70b_idx; Type: INDEX; Schema: public; Owner: batman
--

CREATE INDEX expenses_re_profile_27b70b_idx ON public.expenses_recurring_payment USING btree (profile_id, is_active);


--
-- Name: expenses_recurring_payment_expense_category_id_db6b177c; Type: INDEX; Schema: public; Owner: batman
--

CREATE INDEX expenses_recurring_payment_expense_category_id_db6b177c ON public.expenses_recurring_payment USING btree (expense_category_id);


--
-- Name: expenses_recurring_payment_income_category_id_e7bf22f9; Type: INDEX; Schema: public; Owner: batman
--

CREATE INDEX expenses_recurring_payment_income_category_id_e7bf22f9 ON public.expenses_recurring_payment USING btree (income_category_id);


--
-- Name: expenses_recurring_payment_operation_type_eea4acda; Type: INDEX; Schema: public; Owner: batman
--

CREATE INDEX expenses_recurring_payment_operation_type_eea4acda ON public.expenses_recurring_payment USING btree (operation_type);


--
-- Name: expenses_recurring_payment_operation_type_eea4acda_like; Type: INDEX; Schema: public; Owner: batman
--

CREATE INDEX expenses_recurring_payment_operation_type_eea4acda_like ON public.expenses_recurring_payment USING btree (operation_type varchar_pattern_ops);


--
-- Name: expenses_recurring_payment_profile_id_a2e98262; Type: INDEX; Schema: public; Owner: batman
--

CREATE INDEX expenses_recurring_payment_profile_id_a2e98262 ON public.expenses_recurring_payment USING btree (profile_id);


--
-- Name: family_invi_is_acti_27c2c3_idx; Type: INDEX; Schema: public; Owner: batman
--

CREATE INDEX family_invi_is_acti_27c2c3_idx ON public.family_invites USING btree (is_active, expires_at);


--
-- Name: family_invi_token_115d0e_idx; Type: INDEX; Schema: public; Owner: batman
--

CREATE INDEX family_invi_token_115d0e_idx ON public.family_invites USING btree (token);


--
-- Name: family_invites_household_id_87fc7fef; Type: INDEX; Schema: public; Owner: batman
--

CREATE INDEX family_invites_household_id_87fc7fef ON public.family_invites USING btree (household_id);


--
-- Name: family_invites_inviter_id_46d7ae50; Type: INDEX; Schema: public; Owner: batman
--

CREATE INDEX family_invites_inviter_id_46d7ae50 ON public.family_invites USING btree (inviter_id);


--
-- Name: family_invites_token_546d514c_like; Type: INDEX; Schema: public; Owner: batman
--

CREATE INDEX family_invites_token_546d514c_like ON public.family_invites USING btree (token varchar_pattern_ops);


--
-- Name: family_invites_used_by_id_7649c493; Type: INDEX; Schema: public; Owner: batman
--

CREATE INDEX family_invites_used_by_id_7649c493 ON public.family_invites USING btree (used_by_id);


--
-- Name: households_creator_id_96a4be1a; Type: INDEX; Schema: public; Owner: batman
--

CREATE INDEX households_creator_id_96a4be1a ON public.households USING btree (creator_id);


--
-- Name: households_is_acti_42e5dc_idx; Type: INDEX; Schema: public; Owner: batman
--

CREATE INDEX households_is_acti_42e5dc_idx ON public.households USING btree (is_active);


--
-- Name: incomes_cat_profile_1b25b8_idx; Type: INDEX; Schema: public; Owner: batman
--

CREATE INDEX incomes_cat_profile_1b25b8_idx ON public.incomes_category USING btree (profile_id, name);


--
-- Name: incomes_cat_profile_909cce_idx; Type: INDEX; Schema: public; Owner: batman
--

CREATE INDEX incomes_cat_profile_909cce_idx ON public.incomes_category USING btree (profile_id, name_en);


--
-- Name: incomes_cat_profile_b44274_idx; Type: INDEX; Schema: public; Owner: batman
--

CREATE INDEX incomes_cat_profile_b44274_idx ON public.incomes_category USING btree (profile_id, name_ru);


--
-- Name: incomes_category_profile_id_39e639c1; Type: INDEX; Schema: public; Owner: batman
--

CREATE INDEX incomes_category_profile_id_39e639c1 ON public.incomes_category USING btree (profile_id);


--
-- Name: incomes_inc_profile_587670_idx; Type: INDEX; Schema: public; Owner: batman
--

CREATE INDEX incomes_inc_profile_587670_idx ON public.incomes_income USING btree (profile_id, category_id, income_date DESC);


--
-- Name: incomes_inc_profile_fa76e0_idx; Type: INDEX; Schema: public; Owner: batman
--

CREATE INDEX incomes_inc_profile_fa76e0_idx ON public.incomes_income USING btree (profile_id, income_date DESC);


--
-- Name: incomes_income_category_id_253bac9e; Type: INDEX; Schema: public; Owner: batman
--

CREATE INDEX incomes_income_category_id_253bac9e ON public.incomes_income USING btree (category_id);


--
-- Name: incomes_income_profile_id_351aebf3; Type: INDEX; Schema: public; Owner: batman
--

CREATE INDEX incomes_income_profile_id_351aebf3 ON public.incomes_income USING btree (profile_id);


--
-- Name: promocode_usages_profile_id_82bd15f7; Type: INDEX; Schema: public; Owner: batman
--

CREATE INDEX promocode_usages_profile_id_82bd15f7 ON public.promocode_usages USING btree (profile_id);


--
-- Name: promocode_usages_promocode_id_88a6d8db; Type: INDEX; Schema: public; Owner: batman
--

CREATE INDEX promocode_usages_promocode_id_88a6d8db ON public.promocode_usages USING btree (promocode_id);


--
-- Name: promocode_usages_subscription_id_5a512f94; Type: INDEX; Schema: public; Owner: batman
--

CREATE INDEX promocode_usages_subscription_id_5a512f94 ON public.promocode_usages USING btree (subscription_id);


--
-- Name: promocodes_code_dfd5f7bb_like; Type: INDEX; Schema: public; Owner: batman
--

CREATE INDEX promocodes_code_dfd5f7bb_like ON public.promocodes USING btree (code varchar_pattern_ops);


--
-- Name: promocodes_created_by_id_c1e96a88; Type: INDEX; Schema: public; Owner: batman
--

CREATE INDEX promocodes_created_by_id_c1e96a88 ON public.promocodes USING btree (created_by_id);


--
-- Name: subscriptio_end_dat_763002_idx; Type: INDEX; Schema: public; Owner: batman
--

CREATE INDEX subscriptio_end_dat_763002_idx ON public.subscriptions USING btree (end_date);


--
-- Name: subscriptio_profile_6f77a5_idx; Type: INDEX; Schema: public; Owner: batman
--

CREATE INDEX subscriptio_profile_6f77a5_idx ON public.subscriptions USING btree (profile_id, is_active);


--
-- Name: subscription_notifications_subscription_id_6b64de0e; Type: INDEX; Schema: public; Owner: batman
--

CREATE INDEX subscription_notifications_subscription_id_6b64de0e ON public.subscription_notifications USING btree (subscription_id);


--
-- Name: subscriptions_profile_id_094a66ce; Type: INDEX; Schema: public; Owner: batman
--

CREATE INDEX subscriptions_profile_id_094a66ce ON public.subscriptions USING btree (profile_id);


--
-- Name: subscriptions_telegram_payment_charge_id_18586035_like; Type: INDEX; Schema: public; Owner: batman
--

CREATE INDEX subscriptions_telegram_payment_charge_id_18586035_like ON public.subscriptions USING btree (telegram_payment_charge_id varchar_pattern_ops);


--
-- Name: system_heal_overall_ee05de_idx; Type: INDEX; Schema: public; Owner: batman
--

CREATE INDEX system_heal_overall_ee05de_idx ON public.system_health_checks USING btree (overall_status);


--
-- Name: system_heal_timesta_4b08aa_idx; Type: INDEX; Schema: public; Owner: batman
--

CREATE INDEX system_heal_timesta_4b08aa_idx ON public.system_health_checks USING btree ("timestamp" DESC);


--
-- Name: top5_snapshots_hash_bd58e2c0; Type: INDEX; Schema: public; Owner: batman
--

CREATE INDEX top5_snapshots_hash_bd58e2c0 ON public.top5_snapshots USING btree (hash);


--
-- Name: top5_snapshots_hash_bd58e2c0_like; Type: INDEX; Schema: public; Owner: batman
--

CREATE INDEX top5_snapshots_hash_bd58e2c0_like ON public.top5_snapshots USING btree (hash varchar_pattern_ops);


--
-- Name: unique_telegram_payment_id; Type: INDEX; Schema: public; Owner: batman
--

CREATE UNIQUE INDEX unique_telegram_payment_id ON public.affiliate_commissions USING btree (telegram_payment_id) WHERE (telegram_payment_id IS NOT NULL);


--
-- Name: user_analyt_date_41e1a2_idx; Type: INDEX; Schema: public; Owner: batman
--

CREATE INDEX user_analyt_date_41e1a2_idx ON public.user_analytics USING btree (date);


--
-- Name: user_analyt_date_e4ae64_idx; Type: INDEX; Schema: public; Owner: batman
--

CREATE INDEX user_analyt_date_e4ae64_idx ON public.user_analytics USING btree (date DESC);


--
-- Name: user_analyt_profile_4ccaa1_idx; Type: INDEX; Schema: public; Owner: batman
--

CREATE INDEX user_analyt_profile_4ccaa1_idx ON public.user_analytics USING btree (profile_id, date);


--
-- Name: user_analytics_profile_id_dbcbea18; Type: INDEX; Schema: public; Owner: batman
--

CREATE INDEX user_analytics_profile_id_dbcbea18 ON public.user_analytics USING btree (profile_id);


--
-- Name: users_profi_telegra_2ee79a_idx; Type: INDEX; Schema: public; Owner: batman
--

CREATE INDEX users_profi_telegra_2ee79a_idx ON public.users_profile USING btree (telegram_id);


--
-- Name: users_profile_acquisition_campaign_54a63281; Type: INDEX; Schema: public; Owner: batman
--

CREATE INDEX users_profile_acquisition_campaign_54a63281 ON public.users_profile USING btree (acquisition_campaign);


--
-- Name: users_profile_acquisition_campaign_54a63281_like; Type: INDEX; Schema: public; Owner: batman
--

CREATE INDEX users_profile_acquisition_campaign_54a63281_like ON public.users_profile USING btree (acquisition_campaign varchar_pattern_ops);


--
-- Name: users_profile_acquisition_source_e36399a6; Type: INDEX; Schema: public; Owner: batman
--

CREATE INDEX users_profile_acquisition_source_e36399a6 ON public.users_profile USING btree (acquisition_source);


--
-- Name: users_profile_acquisition_source_e36399a6_like; Type: INDEX; Schema: public; Owner: batman
--

CREATE INDEX users_profile_acquisition_source_e36399a6_like ON public.users_profile USING btree (acquisition_source varchar_pattern_ops);


--
-- Name: users_profile_household_id_7f0077c1; Type: INDEX; Schema: public; Owner: batman
--

CREATE INDEX users_profile_household_id_7f0077c1 ON public.users_profile USING btree (household_id);


--
-- Name: admin_panel_broadcastrecipient admin_panel_broadcas_broadcast_id_47e1bd39_fk_admin_pan; Type: FK CONSTRAINT; Schema: public; Owner: batman
--

ALTER TABLE ONLY public.admin_panel_broadcastrecipient
    ADD CONSTRAINT admin_panel_broadcas_broadcast_id_47e1bd39_fk_admin_pan FOREIGN KEY (broadcast_id) REFERENCES public.admin_panel_broadcastmessage(id) DEFERRABLE INITIALLY DEFERRED;


--
-- Name: admin_panel_broadcastmessage_custom_recipients admin_panel_broadcas_broadcastmessage_id_f3689a4a_fk_admin_pan; Type: FK CONSTRAINT; Schema: public; Owner: batman
--

ALTER TABLE ONLY public.admin_panel_broadcastmessage_custom_recipients
    ADD CONSTRAINT admin_panel_broadcas_broadcastmessage_id_f3689a4a_fk_admin_pan FOREIGN KEY (broadcastmessage_id) REFERENCES public.admin_panel_broadcastmessage(id) DEFERRABLE INITIALLY DEFERRED;


--
-- Name: admin_panel_broadcastmessage admin_panel_broadcas_created_by_id_0f90aedd_fk_auth_user; Type: FK CONSTRAINT; Schema: public; Owner: batman
--

ALTER TABLE ONLY public.admin_panel_broadcastmessage
    ADD CONSTRAINT admin_panel_broadcas_created_by_id_0f90aedd_fk_auth_user FOREIGN KEY (created_by_id) REFERENCES public.auth_user(id) DEFERRABLE INITIALLY DEFERRED;


--
-- Name: admin_panel_broadcastrecipient admin_panel_broadcas_profile_id_4628e6dd_fk_users_pro; Type: FK CONSTRAINT; Schema: public; Owner: batman
--

ALTER TABLE ONLY public.admin_panel_broadcastrecipient
    ADD CONSTRAINT admin_panel_broadcas_profile_id_4628e6dd_fk_users_pro FOREIGN KEY (profile_id) REFERENCES public.users_profile(id) DEFERRABLE INITIALLY DEFERRED;


--
-- Name: admin_panel_broadcastmessage_custom_recipients admin_panel_broadcas_profile_id_fdd04729_fk_users_pro; Type: FK CONSTRAINT; Schema: public; Owner: batman
--

ALTER TABLE ONLY public.admin_panel_broadcastmessage_custom_recipients
    ADD CONSTRAINT admin_panel_broadcas_profile_id_fdd04729_fk_users_pro FOREIGN KEY (profile_id) REFERENCES public.users_profile(id) DEFERRABLE INITIALLY DEFERRED;


--
-- Name: affiliate_commissions affiliate_commission_referral_id_b50db0d5_fk_affiliate; Type: FK CONSTRAINT; Schema: public; Owner: batman
--

ALTER TABLE ONLY public.affiliate_commissions
    ADD CONSTRAINT affiliate_commission_referral_id_b50db0d5_fk_affiliate FOREIGN KEY (referral_id) REFERENCES public.affiliate_referrals(id) DEFERRABLE INITIALLY DEFERRED;


--
-- Name: affiliate_commissions affiliate_commission_subscription_id_26f759ae_fk_subscript; Type: FK CONSTRAINT; Schema: public; Owner: batman
--

ALTER TABLE ONLY public.affiliate_commissions
    ADD CONSTRAINT affiliate_commission_subscription_id_26f759ae_fk_subscript FOREIGN KEY (subscription_id) REFERENCES public.subscriptions(id) DEFERRABLE INITIALLY DEFERRED;


--
-- Name: affiliate_commissions affiliate_commissions_referred_id_c11e35ed_fk_users_profile_id; Type: FK CONSTRAINT; Schema: public; Owner: batman
--

ALTER TABLE ONLY public.affiliate_commissions
    ADD CONSTRAINT affiliate_commissions_referred_id_c11e35ed_fk_users_profile_id FOREIGN KEY (referred_id) REFERENCES public.users_profile(id) DEFERRABLE INITIALLY DEFERRED;


--
-- Name: affiliate_commissions affiliate_commissions_referrer_id_c20f7530_fk_users_profile_id; Type: FK CONSTRAINT; Schema: public; Owner: batman
--

ALTER TABLE ONLY public.affiliate_commissions
    ADD CONSTRAINT affiliate_commissions_referrer_id_c20f7530_fk_users_profile_id FOREIGN KEY (referrer_id) REFERENCES public.users_profile(id) DEFERRABLE INITIALLY DEFERRED;


--
-- Name: affiliate_links affiliate_links_profile_id_dfc2b497_fk_users_profile_id; Type: FK CONSTRAINT; Schema: public; Owner: batman
--

ALTER TABLE ONLY public.affiliate_links
    ADD CONSTRAINT affiliate_links_profile_id_dfc2b497_fk_users_profile_id FOREIGN KEY (profile_id) REFERENCES public.users_profile(id) DEFERRABLE INITIALLY DEFERRED;


--
-- Name: affiliate_referrals affiliate_referrals_affiliate_link_id_00376b39_fk_affiliate; Type: FK CONSTRAINT; Schema: public; Owner: batman
--

ALTER TABLE ONLY public.affiliate_referrals
    ADD CONSTRAINT affiliate_referrals_affiliate_link_id_00376b39_fk_affiliate FOREIGN KEY (affiliate_link_id) REFERENCES public.affiliate_links(id) DEFERRABLE INITIALLY DEFERRED;


--
-- Name: affiliate_referrals affiliate_referrals_referred_id_b4d2f00c_fk_users_profile_id; Type: FK CONSTRAINT; Schema: public; Owner: batman
--

ALTER TABLE ONLY public.affiliate_referrals
    ADD CONSTRAINT affiliate_referrals_referred_id_b4d2f00c_fk_users_profile_id FOREIGN KEY (referred_id) REFERENCES public.users_profile(id) DEFERRABLE INITIALLY DEFERRED;


--
-- Name: affiliate_referrals affiliate_referrals_referrer_id_2eea7542_fk_users_profile_id; Type: FK CONSTRAINT; Schema: public; Owner: batman
--

ALTER TABLE ONLY public.affiliate_referrals
    ADD CONSTRAINT affiliate_referrals_referrer_id_2eea7542_fk_users_profile_id FOREIGN KEY (referrer_id) REFERENCES public.users_profile(id) DEFERRABLE INITIALLY DEFERRED;


--
-- Name: affiliate_referrals affiliate_referrals_reward_subscription__be23ebd6_fk_subscript; Type: FK CONSTRAINT; Schema: public; Owner: batman
--

ALTER TABLE ONLY public.affiliate_referrals
    ADD CONSTRAINT affiliate_referrals_reward_subscription__be23ebd6_fk_subscript FOREIGN KEY (reward_subscription_id) REFERENCES public.subscriptions(id) DEFERRABLE INITIALLY DEFERRED;


--
-- Name: auth_group_permissions auth_group_permissio_permission_id_84c5c92e_fk_auth_perm; Type: FK CONSTRAINT; Schema: public; Owner: batman
--

ALTER TABLE ONLY public.auth_group_permissions
    ADD CONSTRAINT auth_group_permissio_permission_id_84c5c92e_fk_auth_perm FOREIGN KEY (permission_id) REFERENCES public.auth_permission(id) DEFERRABLE INITIALLY DEFERRED;


--
-- Name: auth_group_permissions auth_group_permissions_group_id_b120cbf9_fk_auth_group_id; Type: FK CONSTRAINT; Schema: public; Owner: batman
--

ALTER TABLE ONLY public.auth_group_permissions
    ADD CONSTRAINT auth_group_permissions_group_id_b120cbf9_fk_auth_group_id FOREIGN KEY (group_id) REFERENCES public.auth_group(id) DEFERRABLE INITIALLY DEFERRED;


--
-- Name: auth_permission auth_permission_content_type_id_2f476e4b_fk_django_co; Type: FK CONSTRAINT; Schema: public; Owner: batman
--

ALTER TABLE ONLY public.auth_permission
    ADD CONSTRAINT auth_permission_content_type_id_2f476e4b_fk_django_co FOREIGN KEY (content_type_id) REFERENCES public.django_content_type(id) DEFERRABLE INITIALLY DEFERRED;


--
-- Name: auth_user_groups auth_user_groups_group_id_97559544_fk_auth_group_id; Type: FK CONSTRAINT; Schema: public; Owner: batman
--

ALTER TABLE ONLY public.auth_user_groups
    ADD CONSTRAINT auth_user_groups_group_id_97559544_fk_auth_group_id FOREIGN KEY (group_id) REFERENCES public.auth_group(id) DEFERRABLE INITIALLY DEFERRED;


--
-- Name: auth_user_groups auth_user_groups_user_id_6a12ed8b_fk_auth_user_id; Type: FK CONSTRAINT; Schema: public; Owner: batman
--

ALTER TABLE ONLY public.auth_user_groups
    ADD CONSTRAINT auth_user_groups_user_id_6a12ed8b_fk_auth_user_id FOREIGN KEY (user_id) REFERENCES public.auth_user(id) DEFERRABLE INITIALLY DEFERRED;


--
-- Name: auth_user_user_permissions auth_user_user_permi_permission_id_1fbb5f2c_fk_auth_perm; Type: FK CONSTRAINT; Schema: public; Owner: batman
--

ALTER TABLE ONLY public.auth_user_user_permissions
    ADD CONSTRAINT auth_user_user_permi_permission_id_1fbb5f2c_fk_auth_perm FOREIGN KEY (permission_id) REFERENCES public.auth_permission(id) DEFERRABLE INITIALLY DEFERRED;


--
-- Name: auth_user_user_permissions auth_user_user_permissions_user_id_a95ead1b_fk_auth_user_id; Type: FK CONSTRAINT; Schema: public; Owner: batman
--

ALTER TABLE ONLY public.auth_user_user_permissions
    ADD CONSTRAINT auth_user_user_permissions_user_id_a95ead1b_fk_auth_user_id FOREIGN KEY (user_id) REFERENCES public.auth_user(id) DEFERRABLE INITIALLY DEFERRED;


--
-- Name: django_admin_log django_admin_log_content_type_id_c4bce8eb_fk_django_co; Type: FK CONSTRAINT; Schema: public; Owner: batman
--

ALTER TABLE ONLY public.django_admin_log
    ADD CONSTRAINT django_admin_log_content_type_id_c4bce8eb_fk_django_co FOREIGN KEY (content_type_id) REFERENCES public.django_content_type(id) DEFERRABLE INITIALLY DEFERRED;


--
-- Name: django_admin_log django_admin_log_user_id_c564eba6_fk_auth_user_id; Type: FK CONSTRAINT; Schema: public; Owner: batman
--

ALTER TABLE ONLY public.django_admin_log
    ADD CONSTRAINT django_admin_log_user_id_c564eba6_fk_auth_user_id FOREIGN KEY (user_id) REFERENCES public.auth_user(id) DEFERRABLE INITIALLY DEFERRED;


--
-- Name: django_celery_beat_periodictask django_celery_beat_p_clocked_id_47a69f82_fk_django_ce; Type: FK CONSTRAINT; Schema: public; Owner: batman
--

ALTER TABLE ONLY public.django_celery_beat_periodictask
    ADD CONSTRAINT django_celery_beat_p_clocked_id_47a69f82_fk_django_ce FOREIGN KEY (clocked_id) REFERENCES public.django_celery_beat_clockedschedule(id) DEFERRABLE INITIALLY DEFERRED;


--
-- Name: django_celery_beat_periodictask django_celery_beat_p_crontab_id_d3cba168_fk_django_ce; Type: FK CONSTRAINT; Schema: public; Owner: batman
--

ALTER TABLE ONLY public.django_celery_beat_periodictask
    ADD CONSTRAINT django_celery_beat_p_crontab_id_d3cba168_fk_django_ce FOREIGN KEY (crontab_id) REFERENCES public.django_celery_beat_crontabschedule(id) DEFERRABLE INITIALLY DEFERRED;


--
-- Name: django_celery_beat_periodictask django_celery_beat_p_interval_id_a8ca27da_fk_django_ce; Type: FK CONSTRAINT; Schema: public; Owner: batman
--

ALTER TABLE ONLY public.django_celery_beat_periodictask
    ADD CONSTRAINT django_celery_beat_p_interval_id_a8ca27da_fk_django_ce FOREIGN KEY (interval_id) REFERENCES public.django_celery_beat_intervalschedule(id) DEFERRABLE INITIALLY DEFERRED;


--
-- Name: django_celery_beat_periodictask django_celery_beat_p_solar_id_a87ce72c_fk_django_ce; Type: FK CONSTRAINT; Schema: public; Owner: batman
--

ALTER TABLE ONLY public.django_celery_beat_periodictask
    ADD CONSTRAINT django_celery_beat_p_solar_id_a87ce72c_fk_django_ce FOREIGN KEY (solar_id) REFERENCES public.django_celery_beat_solarschedule(id) DEFERRABLE INITIALLY DEFERRED;


--
-- Name: expenses_advertisercampaign expenses_advertiserc_created_by_id_c8c80cb5_fk_auth_user; Type: FK CONSTRAINT; Schema: public; Owner: expense_user
--

ALTER TABLE ONLY public.expenses_advertisercampaign
    ADD CONSTRAINT expenses_advertiserc_created_by_id_c8c80cb5_fk_auth_user FOREIGN KEY (created_by_id) REFERENCES public.auth_user(id) DEFERRABLE INITIALLY DEFERRED;


--
-- Name: expenses_budget expenses_budget_category_id_b3393af2_fk_expenses_category_id; Type: FK CONSTRAINT; Schema: public; Owner: batman
--

ALTER TABLE ONLY public.expenses_budget
    ADD CONSTRAINT expenses_budget_category_id_b3393af2_fk_expenses_category_id FOREIGN KEY (category_id) REFERENCES public.expenses_category(id) DEFERRABLE INITIALLY DEFERRED;


--
-- Name: expenses_budget expenses_budget_profile_id_457e6f27_fk_users_profile_id; Type: FK CONSTRAINT; Schema: public; Owner: batman
--

ALTER TABLE ONLY public.expenses_budget
    ADD CONSTRAINT expenses_budget_profile_id_457e6f27_fk_users_profile_id FOREIGN KEY (profile_id) REFERENCES public.users_profile(id) DEFERRABLE INITIALLY DEFERRED;


--
-- Name: expenses_cashback expenses_cashback_category_id_2162401e_fk_expenses_category_id; Type: FK CONSTRAINT; Schema: public; Owner: batman
--

ALTER TABLE ONLY public.expenses_cashback
    ADD CONSTRAINT expenses_cashback_category_id_2162401e_fk_expenses_category_id FOREIGN KEY (category_id) REFERENCES public.expenses_category(id) DEFERRABLE INITIALLY DEFERRED;


--
-- Name: expenses_cashback expenses_cashback_profile_id_07332103_fk_users_profile_id; Type: FK CONSTRAINT; Schema: public; Owner: batman
--

ALTER TABLE ONLY public.expenses_cashback
    ADD CONSTRAINT expenses_cashback_profile_id_07332103_fk_users_profile_id FOREIGN KEY (profile_id) REFERENCES public.users_profile(id) DEFERRABLE INITIALLY DEFERRED;


--
-- Name: expenses_category_keyword expenses_category_ke_category_id_f4c2147b_fk_expenses_; Type: FK CONSTRAINT; Schema: public; Owner: batman
--

ALTER TABLE ONLY public.expenses_category_keyword
    ADD CONSTRAINT expenses_category_ke_category_id_f4c2147b_fk_expenses_ FOREIGN KEY (category_id) REFERENCES public.expenses_category(id) DEFERRABLE INITIALLY DEFERRED;


--
-- Name: expenses_category expenses_category_profile_id_1f2999f4_fk_users_profile_id; Type: FK CONSTRAINT; Schema: public; Owner: batman
--

ALTER TABLE ONLY public.expenses_category
    ADD CONSTRAINT expenses_category_profile_id_1f2999f4_fk_users_profile_id FOREIGN KEY (profile_id) REFERENCES public.users_profile(id) DEFERRABLE INITIALLY DEFERRED;


--
-- Name: expenses_expense expenses_expense_category_id_aa33bbdd_fk_expenses_category_id; Type: FK CONSTRAINT; Schema: public; Owner: batman
--

ALTER TABLE ONLY public.expenses_expense
    ADD CONSTRAINT expenses_expense_category_id_aa33bbdd_fk_expenses_category_id FOREIGN KEY (category_id) REFERENCES public.expenses_category(id) DEFERRABLE INITIALLY DEFERRED;


--
-- Name: expenses_expense expenses_expense_profile_id_753a1bf6_fk_users_profile_id; Type: FK CONSTRAINT; Schema: public; Owner: batman
--

ALTER TABLE ONLY public.expenses_expense
    ADD CONSTRAINT expenses_expense_profile_id_753a1bf6_fk_users_profile_id FOREIGN KEY (profile_id) REFERENCES public.users_profile(id) DEFERRABLE INITIALLY DEFERRED;


--
-- Name: expenses_income_category_keyword expenses_income_cate_category_id_0a7d07e5_fk_incomes_c; Type: FK CONSTRAINT; Schema: public; Owner: batman
--

ALTER TABLE ONLY public.expenses_income_category_keyword
    ADD CONSTRAINT expenses_income_cate_category_id_0a7d07e5_fk_incomes_c FOREIGN KEY (category_id) REFERENCES public.incomes_category(id) DEFERRABLE INITIALLY DEFERRED;


--
-- Name: expenses_recurring_payment expenses_recurring_p_expense_category_id_db6b177c_fk_expenses_; Type: FK CONSTRAINT; Schema: public; Owner: batman
--

ALTER TABLE ONLY public.expenses_recurring_payment
    ADD CONSTRAINT expenses_recurring_p_expense_category_id_db6b177c_fk_expenses_ FOREIGN KEY (expense_category_id) REFERENCES public.expenses_category(id) DEFERRABLE INITIALLY DEFERRED;


--
-- Name: expenses_recurring_payment expenses_recurring_p_income_category_id_e7bf22f9_fk_incomes_c; Type: FK CONSTRAINT; Schema: public; Owner: batman
--

ALTER TABLE ONLY public.expenses_recurring_payment
    ADD CONSTRAINT expenses_recurring_p_income_category_id_e7bf22f9_fk_incomes_c FOREIGN KEY (income_category_id) REFERENCES public.incomes_category(id) DEFERRABLE INITIALLY DEFERRED;


--
-- Name: expenses_recurring_payment expenses_recurring_p_profile_id_a2e98262_fk_users_pro; Type: FK CONSTRAINT; Schema: public; Owner: batman
--

ALTER TABLE ONLY public.expenses_recurring_payment
    ADD CONSTRAINT expenses_recurring_p_profile_id_a2e98262_fk_users_pro FOREIGN KEY (profile_id) REFERENCES public.users_profile(id) DEFERRABLE INITIALLY DEFERRED;


--
-- Name: family_invites family_invites_household_id_87fc7fef_fk_households_id; Type: FK CONSTRAINT; Schema: public; Owner: batman
--

ALTER TABLE ONLY public.family_invites
    ADD CONSTRAINT family_invites_household_id_87fc7fef_fk_households_id FOREIGN KEY (household_id) REFERENCES public.households(id) DEFERRABLE INITIALLY DEFERRED;


--
-- Name: family_invites family_invites_inviter_id_46d7ae50_fk_users_profile_id; Type: FK CONSTRAINT; Schema: public; Owner: batman
--

ALTER TABLE ONLY public.family_invites
    ADD CONSTRAINT family_invites_inviter_id_46d7ae50_fk_users_profile_id FOREIGN KEY (inviter_id) REFERENCES public.users_profile(id) DEFERRABLE INITIALLY DEFERRED;


--
-- Name: family_invites family_invites_used_by_id_7649c493_fk_users_profile_id; Type: FK CONSTRAINT; Schema: public; Owner: batman
--

ALTER TABLE ONLY public.family_invites
    ADD CONSTRAINT family_invites_used_by_id_7649c493_fk_users_profile_id FOREIGN KEY (used_by_id) REFERENCES public.users_profile(id) DEFERRABLE INITIALLY DEFERRED;


--
-- Name: households households_creator_id_96a4be1a_fk_users_profile_id; Type: FK CONSTRAINT; Schema: public; Owner: batman
--

ALTER TABLE ONLY public.households
    ADD CONSTRAINT households_creator_id_96a4be1a_fk_users_profile_id FOREIGN KEY (creator_id) REFERENCES public.users_profile(id) DEFERRABLE INITIALLY DEFERRED;


--
-- Name: incomes_category incomes_category_profile_id_39e639c1_fk_users_profile_id; Type: FK CONSTRAINT; Schema: public; Owner: batman
--

ALTER TABLE ONLY public.incomes_category
    ADD CONSTRAINT incomes_category_profile_id_39e639c1_fk_users_profile_id FOREIGN KEY (profile_id) REFERENCES public.users_profile(id) DEFERRABLE INITIALLY DEFERRED;


--
-- Name: incomes_income incomes_income_category_id_253bac9e_fk_incomes_category_id; Type: FK CONSTRAINT; Schema: public; Owner: batman
--

ALTER TABLE ONLY public.incomes_income
    ADD CONSTRAINT incomes_income_category_id_253bac9e_fk_incomes_category_id FOREIGN KEY (category_id) REFERENCES public.incomes_category(id) DEFERRABLE INITIALLY DEFERRED;


--
-- Name: incomes_income incomes_income_profile_id_351aebf3_fk_users_profile_id; Type: FK CONSTRAINT; Schema: public; Owner: batman
--

ALTER TABLE ONLY public.incomes_income
    ADD CONSTRAINT incomes_income_profile_id_351aebf3_fk_users_profile_id FOREIGN KEY (profile_id) REFERENCES public.users_profile(id) DEFERRABLE INITIALLY DEFERRED;


--
-- Name: promocode_usages promocode_usages_profile_id_82bd15f7_fk_users_profile_id; Type: FK CONSTRAINT; Schema: public; Owner: batman
--

ALTER TABLE ONLY public.promocode_usages
    ADD CONSTRAINT promocode_usages_profile_id_82bd15f7_fk_users_profile_id FOREIGN KEY (profile_id) REFERENCES public.users_profile(id) DEFERRABLE INITIALLY DEFERRED;


--
-- Name: promocode_usages promocode_usages_promocode_id_88a6d8db_fk_promocodes_id; Type: FK CONSTRAINT; Schema: public; Owner: batman
--

ALTER TABLE ONLY public.promocode_usages
    ADD CONSTRAINT promocode_usages_promocode_id_88a6d8db_fk_promocodes_id FOREIGN KEY (promocode_id) REFERENCES public.promocodes(id) DEFERRABLE INITIALLY DEFERRED;


--
-- Name: promocode_usages promocode_usages_subscription_id_5a512f94_fk_subscriptions_id; Type: FK CONSTRAINT; Schema: public; Owner: batman
--

ALTER TABLE ONLY public.promocode_usages
    ADD CONSTRAINT promocode_usages_subscription_id_5a512f94_fk_subscriptions_id FOREIGN KEY (subscription_id) REFERENCES public.subscriptions(id) DEFERRABLE INITIALLY DEFERRED;


--
-- Name: promocodes promocodes_created_by_id_c1e96a88_fk_users_profile_id; Type: FK CONSTRAINT; Schema: public; Owner: batman
--

ALTER TABLE ONLY public.promocodes
    ADD CONSTRAINT promocodes_created_by_id_c1e96a88_fk_users_profile_id FOREIGN KEY (created_by_id) REFERENCES public.users_profile(id) DEFERRABLE INITIALLY DEFERRED;


--
-- Name: subscription_notifications subscription_notific_subscription_id_6b64de0e_fk_subscript; Type: FK CONSTRAINT; Schema: public; Owner: batman
--

ALTER TABLE ONLY public.subscription_notifications
    ADD CONSTRAINT subscription_notific_subscription_id_6b64de0e_fk_subscript FOREIGN KEY (subscription_id) REFERENCES public.subscriptions(id) DEFERRABLE INITIALLY DEFERRED;


--
-- Name: subscriptions subscriptions_profile_id_094a66ce_fk_users_profile_id; Type: FK CONSTRAINT; Schema: public; Owner: batman
--

ALTER TABLE ONLY public.subscriptions
    ADD CONSTRAINT subscriptions_profile_id_094a66ce_fk_users_profile_id FOREIGN KEY (profile_id) REFERENCES public.users_profile(id) DEFERRABLE INITIALLY DEFERRED;


--
-- Name: top5_pins top5_pins_profile_id_5bfb6b59_fk_users_profile_id; Type: FK CONSTRAINT; Schema: public; Owner: batman
--

ALTER TABLE ONLY public.top5_pins
    ADD CONSTRAINT top5_pins_profile_id_5bfb6b59_fk_users_profile_id FOREIGN KEY (profile_id) REFERENCES public.users_profile(id) DEFERRABLE INITIALLY DEFERRED;


--
-- Name: top5_snapshots top5_snapshots_profile_id_7a0e3fc8_fk_users_profile_id; Type: FK CONSTRAINT; Schema: public; Owner: batman
--

ALTER TABLE ONLY public.top5_snapshots
    ADD CONSTRAINT top5_snapshots_profile_id_7a0e3fc8_fk_users_profile_id FOREIGN KEY (profile_id) REFERENCES public.users_profile(id) DEFERRABLE INITIALLY DEFERRED;


--
-- Name: user_analytics user_analytics_profile_id_dbcbea18_fk_users_profile_id; Type: FK CONSTRAINT; Schema: public; Owner: batman
--

ALTER TABLE ONLY public.user_analytics
    ADD CONSTRAINT user_analytics_profile_id_dbcbea18_fk_users_profile_id FOREIGN KEY (profile_id) REFERENCES public.users_profile(id) DEFERRABLE INITIALLY DEFERRED;


--
-- Name: users_profile users_profile_household_id_7f0077c1_fk_households_id; Type: FK CONSTRAINT; Schema: public; Owner: batman
--

ALTER TABLE ONLY public.users_profile
    ADD CONSTRAINT users_profile_household_id_7f0077c1_fk_households_id FOREIGN KEY (household_id) REFERENCES public.households(id) DEFERRABLE INITIALLY DEFERRED;


--
-- Name: users_settings users_settings_profile_id_f8550247_fk_users_profile_id; Type: FK CONSTRAINT; Schema: public; Owner: batman
--

ALTER TABLE ONLY public.users_settings
    ADD CONSTRAINT users_settings_profile_id_f8550247_fk_users_profile_id FOREIGN KEY (profile_id) REFERENCES public.users_profile(id) DEFERRABLE INITIALLY DEFERRED;


--
-- PostgreSQL database dump complete
--

\unrestrict Q5pblixJPvShhS71M9waag3KgrC5iQfDcbdbYSPQe3cTD5QjIQRvRbymLUHi7Gr

